有價證券代號及名稱,國際證券辨識號碼(ISIN Code),上市日,市場別,產業別,CFICode
1101　台泥,TW0001101004,1962/02/09,上市,水泥工業,ESVUFR
1102　亞泥,TW0001102002,1962/06/08,上市,水泥工業,ESVUFR
1103　嘉泥,TW0001103000,1969/11/14,上市,水泥工業,ESVUFR
1104　環泥,TW0001104008,1971/02/01,上市,水泥工業,ESVUFR
1108　幸福,TW0001108009,1990/06/06,上市,水泥工業,ESVUFR
1109　信大,TW0001109007,1991/12/05,上市,水泥工業,ESVUFR
1110　東泥,TW0001110005,1994/10/22,上市,水泥工業,ESVUFR
1201　味全,TW0001201002,1962/02/09,上市,食品工業,ESVUFR
1203　味王,TW0001203008,1964/08/24,上市,食品工業,ESVUFR
1210　大成,TW0001210003,1978/05/20,上市,食品工業,ESVUFR
1213　大飲,TW0001213007,1981/04/10,上市,食品工業,ESVUFR
1215　卜蜂,TW0001215002,1987/07/27,上市,食品工業,ESVUFR
1216　統一,TW0001216000,1987/12/28,上市,食品工業,ESVUFR
1218　泰山,TW0001218006,1989/11/11,上市,食品工業,ESVUFR
1219　福壽,TW0001219004,1990/12/01,上市,食品工業,ESVUFR
1220　台榮,TW0001220002,1991/11/20,上市,食品工業,ESVUFR
1227　佳格,TW0001227007,1994/04/09,上市,食品工業,ESVUFR
1229　聯華,TW0001229003,1976/07/19,上市,食品工業,ESVUFR
1233　天仁,TW0001233005,1999/01/20,上市,食品工業,ESVUFR
1234　黑松,TW0001234003,1999/03/12,上市,食品工業,ESVUFR
1235　興泰,TW0001235000,2000/09/11,上市,食品工業,ESVUFR
1236　宏亞,TW0001236008,2001/09/17,上市,食品工業,ESVUFR
1301　台塑,TW0001301000,1964/07/27,上市,塑膠工業,ESVUFR
1303　南亞,TW0001303006,1967/11/05,上市,塑膠工業,ESVUFR
1304　台聚,TW0001304004,1972/05/20,上市,塑膠工業,ESVUFR
1305　華夏,TW0001305001,1973/03/05,上市,塑膠工業,ESVUFR
1307　三芳,TW0001307007,1985/11/23,上市,塑膠工業,ESVUFR
1308　亞聚,TW0001308005,1986/06/20,上市,塑膠工業,ESVUFR
1310　台苯,TW0001310001,1987/08/06,上市,塑膠工業,ESVUFR
1312　國喬,TW0001312007,1988/12/21,上市,塑膠工業,ESVUFR
1313　聯成,TW0001313005,1989/03/27,上市,塑膠工業,ESVUFR
1315　達新,TW0001315000,1992/05/09,上市,塑膠工業,ESVUFR
1316　上曜,TW0001316008,1992/10/15,上市,建材營造業,ESVUFR
1319　東陽,TW0001319002,1994/12/12,上市,汽車工業,ESVUFR
1321　大洋,TW0001321008,1999/01/26,上市,塑膠工業,ESVUFR
1323　永裕,TW0001323004,2000/09/11,上市,塑膠工業,ESVUFR
1324　地球,TW0001324002,2000/09/11,上市,塑膠工業,ESVUFR
1325　恆大,TW0001325009,2000/09/11,上市,塑膠工業,ESVUFR
1326　台化,TW0001326007,1984/12/20,上市,塑膠工業,ESVUFR
1339　昭輝,TW0001339000,2012/04/24,上市,汽車工業,ESVUFR
1342　八貫,TW0001342004,2020/11/24,上市,其他業,ESVUFR
1409　新纖,TW0001409001,1973/08/31,上市,紡織纖維,ESVUFR
1410　南染,TW0001410009,1973/10/18,上市,紡織纖維,ESVUFR
1413　宏洲,TW0001413003,1975/12/23,上市,紡織纖維,ESVUFR
1414　東和,TW0001414001,1976/02/02,上市,紡織纖維,ESVUFR
1416　廣豐,TW0001416006,1976/04/20,上市,其他業,ESVUFR
1417　嘉裕,TW0001417004,1976/12/28,上市,紡織纖維,ESVUFR
1418　東華,TW0001418002,1977/02/14,上市,紡織纖維,ESVUFR
1419　新紡,TW0001419000,1977/03/14,上市,紡織纖維,ESVUFR
1423　利華,TW0001423002,1979/04/02,上市,紡織纖維,ESVUFR
1434　福懋,TW0001434009,1985/12/24,上市,紡織纖維,ESVUFR
1435　中福,TW0001435006,1987/12/28,上市,其他業,ESVUFR
1439　雋揚,TW0001439008,1989/05/22,上市,紡織纖維,ESVUFR
1440　南紡,TW0001440006,1989/10/03,上市,紡織纖維,ESVUFR
1441　大東,TW0001441004,1989/10/27,上市,紡織纖維,ESVUFR
1442　名軒,TW0001442002,1989/11/16,上市,建材營造業,ESVUFR
1444　力麗,TW0001444008,1990/08/08,上市,紡織纖維,ESVUFR
1445　大宇,TW0001445005,1991/02/05,上市,紡織纖維,ESVUFR
1446　宏和,TW0001446003,1991/10/15,上市,紡織纖維,ESVUFR
1447　力鵬,TW0001447001,1992/01/28,上市,紡織纖維,ESVUFR
1449　佳和,TW0001449007,1992/03/12,上市,紡織纖維,ESVUFR
1451　年興,TW0001451003,1992/12/21,上市,紡織纖維,ESVUFR
1452　宏益,TW0001452001,1992/12/28,上市,紡織纖維,ESVUFR
1453　大將,TW0001453009,1993/04/19,上市,建材營造業,ESVUFR
1454　台富,TW0001454007,1993/05/07,上市,紡織纖維,ESVUFR
1455　集盛,TW0001455004,1993/10/07,上市,紡織纖維,ESVUFR
1456　怡華,TW0001456002,1993/12/09,上市,建材營造業,ESVUFR
1457　宜進,TW0001457000,1994/10/20,上市,紡織纖維,ESVUFR
1459　聯發,TW0001459006,1994/10/26,上市,紡織纖維,ESVUFR
1460　宏遠,TW0001460004,1995/04/28,上市,紡織纖維,ESVUFR
1463　強盛,TW0001463008,1996/12/05,上市,紡織纖維,ESVUFR
1464　得力,TW0001464006,1997/01/18,上市,紡織纖維,ESVUFR
1465　偉全,TW0001465003,1997/09/08,上市,紡織纖維,ESVUFR
1466　聚隆,TW0001466001,1998/04/04,上市,紡織纖維,ESVUFR
1467　南緯,TW0001467009,1998/12/21,上市,紡織纖維,ESVUFR
1468　昶和,TW0001468007,1999/01/21,上市,紡織纖維,ESVUFR
1471　首利,TW0001471001,2000/03/06,上市,電子零組件業,ESVUFR
1473　台南,TW0001473007,2000/09/11,上市,紡織纖維,ESVUFR
1474　弘裕,TW0001474005,2000/10/31,上市,紡織纖維,ESVUFR
1475　業旺,TW0001475002,2000/10/27,上市,紡織纖維,ESVUFR
1476　儒鴻,TW0001476000,2001/04/18,上市,紡織纖維,ESVUFR
1477　聚陽,TW0001477008,2003/01/21,上市,紡織纖維,ESVUFR
1503　士電,TW0001503001,1969/12/15,上市,電機機械,ESVUFR
1504　東元,TW0001504009,1973/11/05,上市,電機機械,ESVUFR
1506　正道,TW0001506004,1980/08/11,上市,電機機械,ESVUFR
1512　瑞利,TW0001512002,1994/01/28,上市,汽車工業,ESVUFR
1514　亞力,TW0001514008,1994/03/26,上市,電機機械,ESVUFR
1515　力山,TW0001515005,1995/02/04,上市,電機機械,ESVUFR
1516　川飛,TW0001516003,1995/04/01,上市,其他業,ESVUFR
1517　利奇,TW0001517001,1995/11/14,上市,電機機械,ESVUFR
1519　華城,TW0001519007,1997/04/16,上市,電機機械,ESVUFR
1521　大億,TW0001521003,1997/10/06,上市,汽車工業,ESVUFR
1524　耿鼎,TW0001524007,1998/10/30,上市,汽車工業,ESVUFR
1525　江申,TW0001525004,1999/05/15,上市,汽車工業,ESVUFR
1526　日馳,TW0001526002,2000/03/27,上市,電機機械,ESVUFR
1527　鑽全,TW0001527000,2000/06/21,上市,電機機械,ESVUFR
1528　恩德,TW0001528008,2000/09/11,上市,電機機械,ESVUFR
1530　亞崴,TW0001530004,2000/09/11,上市,電機機械,ESVUFR
1532　勤美,TW0001532000,2000/09/11,上市,電機機械,ESVUFR
1535　中宇,TW0001535003,2001/09/17,上市,電機機械,ESVUFR
1536　和大,TW0001536001,2001/09/17,上市,汽車工業,ESVUFR
1537　廣隆,TW0001537009,2002/01/22,上市,電機機械,ESVUFR
1538　正峰,TW0001538007,2002/08/26,上市,電機機械,ESVUFR
1539　巨庭,TW0001539005,2002/10/29,上市,電機機械,ESVUFR
1540　喬福,TW0001540003,2002/08/26,上市,電機機械,ESVUFR
1541　錩泰,TW0001541001,2003/03/19,上市,電機機械,ESVUFR
1558　伸興,TW0001558005,2014/12/23,上市,電機機械,ESVUFR
1560　中砂,TW0001560001,2005/01/31,上市,電機機械,ESVUFR
1568　倉佑,TW0001568004,2014/05/14,上市,汽車工業,ESVUFR
1582　信錦,TW0001582005,2009/12/17,上市,電子零組件業,ESVUFR
1583　程泰,TW0001583003,2008/01/24,上市,電機機械,ESVUFR
1587　吉茂,TW0001587004,2018/04/16,上市,汽車工業,ESVUFR
1597　直得,TW0001597003,2020/12/23,上市,電機機械,ESVUFR
1598　岱宇,TW0001598001,2016/09/20,上市,生技醫療業,ESVUFR
1603　華電,TW0001603009,1968/06/03,上市,電器電纜,ESVUFR
1604　聲寶,TW0001604007,1970/12/14,上市,電器電纜,ESVUFR
1605　華新,TW0001605004,1972/11/03,上市,電器電纜,ESVUFR
1608　華榮,TW0001608008,1988/07/11,上市,電器電纜,ESVUFR
1609　大亞,TW0001609006,1988/12/12,上市,電器電纜,ESVUFR
1611　中電,TW0001611002,1990/01/16,上市,電器電纜,ESVUFR
1612　宏泰,TW0001612000,1993/05/08,上市,電器電纜,ESVUFR
1615　大山,TW0001615003,2000/03/30,上市,電器電纜,ESVUFR
1616　億泰,TW0001616001,2000/09/11,上市,電器電纜,ESVUFR
1617　榮星,TW0001617009,2000/09/11,上市,電器電纜,ESVUFR
1618　合機,TW0001618007,2000/09/11,上市,電器電纜,ESVUFR
1701　中化,TW0001701001,1962/02/09,上市,生技醫療業,ESVUFR
1702　南僑,TW0001702009,1973/05/30,上市,食品工業,ESVUFR
1708　東鹼,TW0001708006,1986/06/16,上市,化學工業,ESVUFR
1709　和益,TW0001709004,1986/07/03,上市,化學工業,ESVUFR
1710　東聯,TW0001710002,1987/10/21,上市,化學工業,ESVUFR
1711　永光,TW0001711000,1988/12/27,上市,化學工業,ESVUFR
1712　興農,TW0001712008,1989/12/14,上市,化學工業,ESVUFR
1713　國化,TW0001713006,1990/01/31,上市,化學工業,ESVUFR
1714　和桐,TW0001714004,1991/08/30,上市,化學工業,ESVUFR
1717　長興,TW0001717007,1994/03/31,上市,化學工業,ESVUFR
1718　中纖,TW0001718005,1963/12/02,上市,化學工業,ESVUFR
1720　生達,TW0001720001,1995/12/12,上市,生技醫療業,ESVUFR
1721　三晃,TW0001721009,1996/05/16,上市,化學工業,ESVUFR
1722　台肥,TW0001722007,1998/03/24,上市,化學工業,ESVUFR
1723　中碳,TW0001723005,1998/11/27,上市,化學工業,ESVUFR
1725　元禎,TW0001725000,2000/09/11,上市,化學工業,ESVUFR
1726　永記,TW0001726008,2000/09/11,上市,化學工業,ESVUFR
1732　毛寶,TW0001732006,2001/09/17,上市,化學工業,ESVUFR
1733　五鼎,TW0001733004,2001/09/17,上市,生技醫療業,ESVUFR
1734　杏輝,TW0001734002,2002/08/26,上市,生技醫療業,ESVUFR
1736　喬山,TW0001736007,2003/01/09,上市,生技醫療業,ESVUFR
1737　臺鹽,TW0001737005,2003/11/18,上市,食品工業,ESVUFR
1752　南光,TW0001752004,2022/01/19,上市,生技醫療業,ESVUFR
1773　勝一,TW0001773000,2009/02/27,上市,化學工業,ESVUFR
1776　展宇,TW0001776003,2016/05/09,上市,化學工業,ESVUFR
1786　科妍,TW0001786002,2013/11/12,上市,生技醫療業,ESVUFR
1789　神隆,TW0001789006,2011/09/29,上市,生技醫療業,ESVUFR
1795　美時,TW0001795003,2019/12/16,上市,生技醫療業,ESVUFR
1802　台玻,TW0001802007,1973/07/20,上市,玻璃陶瓷,ESVUFR
1805　寶徠,TW0001805000,1989/10/20,上市,建材營造業,ESVUFR
1806　冠軍,TW0001806008,1992/09/29,上市,玻璃陶瓷,ESVUFR
1808　潤隆,TW0001808004,1994/10/26,上市,建材營造業,ESVUFR
1809　中釉,TW0001809002,1996/04/30,上市,玻璃陶瓷,ESVUFR
1810　和成,TW0001810000,1991/10/14,上市,玻璃陶瓷,ESVUFR
1903　士紙,TW0001903003,1963/12/09,上市,造紙工業,ESVUFR
1904　正隆,TW0001904001,1971/09/10,上市,造紙工業,ESVUFR
1905　華紙,TW0001905008,1975/02/07,上市,造紙工業,ESVUFR
1906　寶隆,TW0001906006,1976/04/26,上市,造紙工業,ESVUFR
1909　榮成,TW0001909000,1985/11/19,上市,造紙工業,ESVUFR
2002　中鋼,TW0002002003,1974/12/26,上市,鋼鐵工業,ESVUFR
2007　燁興,TW0002007002,1988/10/04,上市,鋼鐵工業,ESVUFR
2010　春源,TW0002010006,1989/12/22,上市,鋼鐵工業,ESVUFR
2012　春雨,TW0002012002,1991/10/17,上市,鋼鐵工業,ESVUFR
2014　中鴻,TW0002014008,1992/02/20,上市,鋼鐵工業,ESVUFR
2015　豐興,TW0002015005,1992/05/25,上市,鋼鐵工業,ESVUFR
2020　美亞,TW0002020005,1993/04/27,上市,鋼鐵工業,ESVUFR
2022　聚亨,TW0002022001,1995/03/27,上市,鋼鐵工業,ESVUFR
2023　燁輝,TW0002023009,1995/07/28,上市,鋼鐵工業,ESVUFR
2024　志聯,TW0002024007,1995/12/30,上市,鋼鐵工業,ESVUFR
2025　千興,TW0002025004,1996/02/08,上市,鋼鐵工業,ESVUFR
2028　威致,TW0002028008,1996/12/13,上市,鋼鐵工業,ESVUFR
2029　盛餘,TW0002029006,1997/01/11,上市,鋼鐵工業,ESVUFR
2030　彰源,TW0002030004,1998/12/24,上市,鋼鐵工業,ESVUFR
2032　新鋼,TW0002032000,2000/09/11,上市,鋼鐵工業,ESVUFR
2033　佳大,TW0002033008,2000/09/11,上市,鋼鐵工業,ESVUFR
2034　允強,TW0002034006,2001/09/17,上市,鋼鐵工業,ESVUFR
2038　海光,TW0002038007,2008/12/30,上市,鋼鐵工業,ESVUFR
2049　上銀,TW0002049004,2009/06/26,上市,電機機械,ESVUFR
2059　川湖,TW0002059003,2008/06/25,上市,電子零組件業,ESVUFR
2062　橋椿,TW0002062007,2007/11/16,上市,其他業,ESVUFR
2069　運錩,TW0002069002,2016/03/22,上市,鋼鐵工業,ESVUFR
2101　南港,TW0002101003,1963/11/01,上市,橡膠工業,ESVUFR
2102　泰豐,TW0002102001,1979/07/16,上市,橡膠工業,ESVUFR
2103　台橡,TW0002103009,1982/09/25,上市,橡膠工業,ESVUFR
2105　正新,TW0002105004,1987/12/07,上市,橡膠工業,ESVUFR
2106　建大,TW0002106002,1990/12/20,上市,橡膠工業,ESVUFR
2107　厚生,TW0002107000,1992/03/03,上市,橡膠工業,ESVUFR
2108　南帝,TW0002108008,1992/10/27,上市,橡膠工業,ESVUFR
2109　華豐,TW0002109006,2000/05/08,上市,橡膠工業,ESVUFR
2201　裕隆,TW0002201001,1976/07/08,上市,汽車工業,ESVUFR
2204　中華,TW0002204005,1991/03/12,上市,汽車工業,ESVUFR
2208　台船,TW0002208006,2008/12/22,上市,航運業,ESVUFR
2228　劍麟,TW0002228004,2013/11/25,上市,汽車工業,ESVUFR
2231　為升,TW0002231008,2010/11/19,上市,汽車工業,ESVUFR
2233　宇隆,TW0002233004,2019/09/17,上市,汽車工業,ESVUFR
2302　麗正,TW0002302007,1985/01/15,上市,半導體業,ESVUFR
2303　聯電,TW0002303005,1985/07/16,上市,半導體業,ESVUFR
2305　全友,TW0002305000,1988/10/21,上市,電腦及週邊設備業,ESVUFR
2312　金寶,TW0002312006,1989/11/07,上市,其他電子業,ESVUFR
2313　華通,TW0002313004,1990/07/24,上市,電子零組件業,ESVUFR
2314　台揚,TW0002314002,1990/08/08,上市,通信網路業,ESVUFR
2317　鴻海,TW0002317005,1991/06/18,上市,其他電子業,ESVUFR
2321　東訊,TW0002321007,1991/11/08,上市,通信網路業,ESVUFR
2323　中環,TW0002323003,1992/02/17,上市,光電業,ESVUFR
2324　仁寶,TW0002324001,1992/02/18,上市,電腦及週邊設備業,ESVUFR
2327　國巨,TW0002327004,1993/10/22,上市,電子零組件業,ESVUFR
2328　廣宇,TW0002328002,1993/11/09,上市,電子零組件業,ESVUFR
2329　華泰,TW0002329000,1994/04/20,上市,半導體業,ESVUFR
2331　精英,TW0002331006,1994/09/21,上市,電腦及週邊設備業,ESVUFR
2332　友訊,TW0002332004,1994/10/17,上市,通信網路業,ESVUFR
2337　旺宏,TW0002337003,1995/03/15,上市,半導體業,ESVUFR
2338　光罩,TW0002338001,1995/04/17,上市,半導體業,ESVUFR
2340　台亞,TW0002340007,1995/05/02,上市,半導體業,ESVUFR
2342　茂矽,TW0002342003,1995/09/19,上市,半導體業,ESVUFR
2345　智邦,TW0002345006,1995/11/15,上市,通信網路業,ESVUFR
2347　聯強,TW0002347002,1995/12/13,上市,電子通路業,ESVUFR
2348　海悅,TW0002348000,1996/01/05,上市,其他業,ESVUFR
2349　錸德,TW0002349008,1996/04/23,上市,光電業,ESVUFR
2351　順德,TW0002351004,1996/04/25,上市,半導體業,ESVUFR
2354　鴻準,TW0002354008,1996/10/08,上市,其他電子業,ESVUFR
2355　敬鵬,TW0002355005,1996/10/14,上市,電子零組件業,ESVUFR
2357　華碩,TW0002357001,1996/11/14,上市,電腦及週邊設備業,ESVUFR
2358　廷鑫,TW0002358009,1996/12/18,上市,其他業,ESVUFR
2360　致茂,TW0002360005,1996/12/21,上市,其他電子業,ESVUFR
2362　藍天,TW0002362001,1997/04/02,上市,電腦及週邊設備業,ESVUFR
2363　矽統,TW0002363009,1997/08/01,上市,半導體業,ESVUFR
2364　倫飛,TW0002364007,1997/08/11,上市,電腦及週邊設備業,ESVUFR
2365　昆盈,TW0002365004,1997/11/03,上市,電腦及週邊設備業,ESVUFR
2367　燿華,TW0002367000,1997/12/13,上市,電子零組件業,ESVUFR
2369　菱生,TW0002369006,1998/04/10,上市,半導體業,ESVUFR
2371　大同,TW0002371002,1962/02/09,上市,電機機械,ESVUFR
2374　佳能,TW0002374006,1995/01/16,上市,光電業,ESVUFR
2375　凱美,TW0002375003,1998/08/29,上市,電子零組件業,ESVUFR
2376　技嘉,TW0002376001,1998/09/24,上市,電腦及週邊設備業,ESVUFR
2377　微星,TW0002377009,1998/10/31,上市,電腦及週邊設備業,ESVUFR
2379　瑞昱,TW0002379005,1998/10/26,上市,半導體業,ESVUFR
2380　虹光,TW0002380003,1998/12/03,上市,電腦及週邊設備業,ESVUFR
2382　廣達,TW0002382009,1999/01/08,上市,電腦及週邊設備業,ESVUFR
2385　群光,TW0002385002,1999/01/05,上市,電子零組件業,ESVUFR
2387　精元,TW0002387008,1999/01/25,上市,電腦及週邊設備業,ESVUFR
2388　威盛,TW0002388006,1999/03/05,上市,半導體業,ESVUFR
2390　云辰,TW0002390002,1999/06/15,上市,其他電子業,ESVUFR
2392　正崴,TW0002392008,1999/09/20,上市,電子零組件業,ESVUFR
2393　億光,TW0002393006,1999/11/04,上市,光電業,ESVUFR
2395　研華,TW0002395001,1999/12/13,上市,電腦及週邊設備業,ESVUFR
2397　友通,TW0002397007,2000/01/15,上市,電腦及週邊設備業,ESVUFR
2399　映泰,TW0002399003,1999/12/16,上市,電腦及週邊設備業,ESVUFR
2401　凌陽,TW0002401007,2000/01/27,上市,半導體業,ESVUFR
2402　毅嘉,TW0002402005,2000/01/14,上市,電子零組件業,ESVUFR
2404　漢唐,TW0002404001,2000/03/14,上市,其他電子業,ESVUFR
2405　輔信,TW0002405008,2000/03/17,上市,電腦及週邊設備業,ESVUFR
2406　國碩,TW0002406006,2000/04/29,上市,光電業,ESVUFR
2409　友達,TW0002409000,2000/09/08,上市,光電業,ESVUFR
2413　環科,TW0002413002,2000/09/11,上市,電子零組件業,ESVUFR
2414　精技,TW0002414000,2000/09/11,上市,電子通路業,ESVUFR
2415　錩新,TW0002415007,2000/09/11,上市,電子零組件業,ESVUFR
2417　圓剛,TW0002417003,2000/09/11,上市,電腦及週邊設備業,ESVUFR
2419　仲琦,TW0002419009,2000/09/11,上市,通信網路業,ESVUFR
2420　新巨,TW0002420007,2000/09/11,上市,電子零組件業,ESVUFR
2421　建準,TW0002421005,2000/09/11,上市,電子零組件業,ESVUFR
2423　固緯,TW0002423001,2000/09/11,上市,其他電子業,ESVUFR
2424　隴華,TW0002424009,2000/09/11,上市,電腦及週邊設備業,ESVUFR
2425　承啟,TW0002425006,2000/09/11,上市,電腦及週邊設備業,ESVUFR
2426　鼎元,TW0002426004,2000/09/11,上市,光電業,ESVUFR
2428　興勤,TW0002428000,2000/09/11,上市,電子零組件業,ESVUFR
2430　燦坤,TW0002430006,2000/09/11,上市,電子通路業,ESVUFR
2431　聯昌,TW0002431004,2000/09/11,上市,電子零組件業,ESVUFR
2434　統懋,TW0002434008,2000/09/11,上市,半導體業,ESVUFR
2438　翔耀,TW0002438009,2000/09/11,上市,光電業,ESVUFR
2439　美律,TW0002439007,2000/09/11,上市,通信網路業,ESVUFR
2441　超豐,TW0002441003,2000/10/26,上市,半導體業,ESVUFR
2443　昶虹,TW0002443009,2001/01/03,上市,其他業,ESVUFR
2444　兆勁,TW0002444007,2000/12/08,上市,通信網路業,ESVUFR
2450　神腦,TW0002450004,2001/05/24,上市,通信網路業,ESVUFR
2451　創見,TW0002451002,2001/05/03,上市,半導體業,ESVUFR
2453　凌群,TW0002453008,2001/05/22,上市,資訊服務業,ESVUFR
2455　全新,TW0002455003,2002/01/24,上市,通信網路業,ESVUFR
2457　飛宏,TW0002457009,2001/09/17,上市,電子零組件業,ESVUFR
2458　義隆,TW0002458007,2001/09/17,上市,半導體業,ESVUFR
2459　敦吉,TW0002459005,2001/09/17,上市,其他電子業,ESVUFR
2460　建通,TW0002460003,2001/09/17,上市,電子零組件業,ESVUFR
2464　盟立,TW0002464005,2001/09/17,上市,其他電子業,ESVUFR
2465　麗臺,TW0002465002,2001/09/19,上市,電腦及週邊設備業,ESVUFR
2467　志聖,TW0002467008,2001/09/17,上市,電子零組件業,ESVUFR
2468　華經,TW0002468006,2001/09/17,上市,資訊服務業,ESVUFR
2471　資通,TW0002471000,2001/09/17,上市,資訊服務業,ESVUFR
2474　可成,TW0002474004,2001/09/17,上市,其他電子業,ESVUFR
2476　鉅祥,TW0002476009,2001/09/17,上市,電子零組件業,ESVUFR
2478　大毅,TW0002478005,2001/09/17,上市,電子零組件業,ESVUFR
2481　強茂,TW0002481009,2001/09/17,上市,半導體業,ESVUFR
2482　連宇,TW0002482007,2001/09/17,上市,其他電子業,ESVUFR
2483　百容,TW0002483005,2001/09/17,上市,電子零組件業,ESVUFR
2484　希華,TW0002484003,2001/09/17,上市,電子零組件業,ESVUFR
2485　兆赫,TW0002485000,2001/09/17,上市,通信網路業,ESVUFR
2486　一詮,TW0002486008,2001/09/19,上市,光電業,ESVUFR
2488　漢平,TW0002488004,2001/09/17,上市,其他電子業,ESVUFR
2489　瑞軒,TW0002489002,2001/09/17,上市,光電業,ESVUFR
2493　揚博,TW0002493004,2002/01/23,上市,電子零組件業,ESVUFR
2495　普安,TW0002495009,2002/03/25,上市,電腦及週邊設備業,ESVUFR
2496　卓越,TW0002496007,2002/03/08,上市,其他業,ESVUFR
2501　國建,TW0002501004,1967/10/28,上市,建材營造業,ESVUFR
2504　國產,TW0002504008,1978/03/14,上市,建材營造業,ESVUFR
2505　國揚,TW0002505005,1979/11/14,上市,建材營造業,ESVUFR
2506　太設,TW0002506003,1980/02/02,上市,建材營造業,ESVUFR
2511　太子,TW0002511003,1991/04/24,上市,建材營造業,ESVUFR
2514　龍邦,TW0002514007,1992/09/26,上市,其他業,ESVUFR
2515　中工,TW0002515004,1993/03/02,上市,建材營造業,ESVUFR
2516　新建,TW0002516002,1993/05/25,上市,建材營造業,ESVUFR
2520　冠德,TW0002520004,1993/10/27,上市,建材營造業,ESVUFR
2524　京城,TW0002524006,1994/10/18,上市,建材營造業,ESVUFR
2527　宏璟,TW0002527009,1995/03/06,上市,建材營造業,ESVUFR
2528　皇普,TW0002528007,1995/03/10,上市,建材營造業,ESVUFR
2530　華建,TW0002530003,1995/10/12,上市,建材營造業,ESVUFR
2534　宏盛,TW0002534005,1996/02/12,上市,建材營造業,ESVUFR
2536　宏普,TW0002536000,1996/03/14,上市,建材營造業,ESVUFR
2538　基泰,TW0002538006,1996/11/01,上市,建材營造業,ESVUFR
2543　皇昌,TW0002543006,1999/10/15,上市,建材營造業,ESVUFR
2545　皇翔,TW0002545001,2000/09/11,上市,建材營造業,ESVUFR
2546　根基,TW0002546009,2000/09/11,上市,建材營造業,ESVUFR
2548　華固,TW0002548005,2002/08/26,上市,建材營造業,ESVUFR
2597　潤弘,TW0002597002,2010/03/26,上市,建材營造業,ESVUFR
2601　益航,TW0002601002,1965/11/04,上市,貿易百貨業,ESVUFR
2603　長榮,TW0002603008,1987/09/21,上市,航運業,ESVUFR
2605　新興,TW0002605003,1989/12/08,上市,航運業,ESVUFR
2606　裕民,TW0002606001,1990/12/08,上市,航運業,ESVUFR
2607　榮運,TW0002607009,1990/12/14,上市,航運業,ESVUFR
2609　陽明,TW0002609005,1992/04/20,上市,航運業,ESVUFR
2610　華航,TW0002610003,1993/02/26,上市,航運業,ESVUFR
2611　志信,TW0002611001,1993/10/28,上市,航運業,ESVUFR
2612　中航,TW0002612009,1994/10/20,上市,航運業,ESVUFR
2613　中櫃,TW0002613007,1995/01/20,上市,航運業,ESVUFR
2614　東森,TW0002614005,1995/09/23,上市,其他業,ESVUFR
2615　萬海,TW0002615002,1996/05/16,上市,航運業,ESVUFR
2616　山隆,TW0002616000,1997/11/08,上市,油電燃氣業,ESVUFR
2617　台航,TW0002617008,1998/06/24,上市,航運業,ESVUFR
2630　亞航,TW0002630001,2018/02/22,上市,航運業,ESVUFR
2634　漢翔,TW0002634003,2014/08/25,上市,航運業,ESVUFR
2701　萬企,TW0002701000,1965/03/22,上市,觀光事業,ESVUFR
2702　華園,TW0002702008,1965/02/14,上市,觀光事業,ESVUFR
2704　國賓,TW0002704004,1982/11/10,上市,觀光事業,ESVUFR
2705　六福,TW0002705001,1988/12/24,上市,觀光事業,ESVUFR
2707　晶華,TW0002707007,1998/03/09,上市,觀光事業,ESVUFR
2722　夏都,TW0002722006,2012/03/14,上市,觀光事業,ESVUFR
2727　王品,TW0002727005,2012/03/06,上市,觀光事業,ESVUFR
2731　雄獅,TW0002731007,2013/09/24,上市,觀光事業,ESVUFR
2739　寒舍,TW0002739000,2016/05/19,上市,觀光事業,ESVUFR
2748　雲品,TW0002748001,2016/11/23,上市,觀光事業,ESVUFR
2801　彰銀,TW0002801008,1962/02/15,上市,金融保險業,ESVUFR
2820　華票,TW0002820008,1994/10/26,上市,金融保險業,ESVUFR
2832　台產,TW0002832003,1997/09/30,上市,金融保險業,ESVUFR
2850　新產,TW0002850005,2000/05/22,上市,金融保險業,ESVUFR
2901　欣欣,TW0002901006,1976/05/07,上市,貿易百貨業,ESVUFR
2903　遠百,TW0002903002,1978/10/11,上市,貿易百貨業,ESVUFR
2904　匯僑,TW0002904000,1983/01/05,上市,其他業,ESVUFR
2905　三商,TW0002905007,1988/09/19,上市,貿易百貨業,ESVUFR
2906　高林,TW0002906005,1989/12/26,上市,貿易百貨業,ESVUFR
2908　特力,TW0002908001,1993/02/18,上市,貿易百貨業,ESVUFR
2910　統領,TW0002910007,1996/12/30,上市,貿易百貨業,ESVUFR
2913　農林,TW0002913001,1962/02/09,上市,貿易百貨業,ESVUFR
3002　歐格,TW0003002002,2002/01/23,上市,電腦及週邊設備業,ESVUFR
3005　神基,TW0003005005,2002/02/25,上市,電腦及週邊設備業,ESVUFR
3010　華立,TW0003010005,2002/07/22,上市,電子通路業,ESVUFR
3011　今皓,TW0003011003,2002/07/22,上市,電子零組件業,ESVUFR
3014　聯陽,TW0003014007,2002/10/29,上市,半導體業,ESVUFR
3015　全漢,TW0003015004,2002/10/16,上市,電子零組件業,ESVUFR
3016　嘉晶,TW0003016002,2002/12/24,上市,半導體業,ESVUFR
3017　奇鋐,TW0003017000,2002/09/27,上市,電腦及週邊設備業,ESVUFR
3018　同開,TW0003018008,2002/08/26,上市,其他電子業,ESVUFR
3019　亞光,TW0003019006,2002/08/26,上市,光電業,ESVUFR
3021　鴻名,TW0003021002,2002/08/26,上市,電子零組件業,ESVUFR
3023　信邦,TW0003023008,2002/08/26,上市,電子零組件業,ESVUFR
3024　憶聲,TW0003024006,2002/08/26,上市,光電業,ESVUFR
3025　星通,TW0003025003,2002/08/26,上市,通信網路業,ESVUFR
3027　盛達,TW0003027009,2002/08/26,上市,通信網路業,ESVUFR
3029　零壹,TW0003029005,2002/08/26,上市,資訊服務業,ESVUFR
3030　德律,TW0003030003,2002/10/29,上市,其他電子業,ESVUFR
3031　佰鴻,TW0003031001,2002/08/26,上市,光電業,ESVUFR
3032　偉訓,TW0003032009,2002/08/26,上市,電子零組件業,ESVUFR
3033　威健,TW0003033007,2002/08/26,上市,電子通路業,ESVUFR
3034　聯詠,TW0003034005,2002/08/26,上市,半導體業,ESVUFR
3035　智原,TW0003035002,2002/08/26,上市,半導體業,ESVUFR
3036　文曄,TW0003036000,2002/08/26,上市,電子通路業,ESVUFR
3037　欣興,TW0003037008,2002/08/26,上市,電子零組件業,ESVUFR
3038　全台,TW0003038006,2002/08/26,上市,光電業,ESVUFR
3040　遠見,TW0003040002,2002/08/26,上市,其他業,ESVUFR
3041　揚智,TW0003041000,2002/08/26,上市,半導體業,ESVUFR
3042　晶技,TW0003042008,2002/08/26,上市,電子零組件業,ESVUFR
3043　科風,TW0003043006,2002/08/26,上市,其他電子業,ESVUFR
3044　健鼎,TW0003044004,2002/08/26,上市,電子零組件業,ESVUFR
3047　訊舟,TW0003047007,2002/08/26,上市,通信網路業,ESVUFR
3048　益登,TW0003048005,2002/10/01,上市,電子通路業,ESVUFR
3049　和鑫,TW0003049003,2002/09/27,上市,光電業,ESVUFR
3050　鈺德,TW0003050001,2002/10/29,上市,光電業,ESVUFR
3051　力特,TW0003051009,2002/10/28,上市,光電業,ESVUFR
3052　夆典,TW0003052007,1995/11/25,上市,建材營造業,ESVUFR
3056　總太,TW0003056008,2003/03/03,上市,建材營造業,ESVUFR
3057　喬鼎,TW0003057006,2002/12/18,上市,電腦及週邊設備業,ESVUFR
3058　立德,TW0003058004,2002/12/09,上市,電子零組件業,ESVUFR
3060　銘異,TW0003060000,2003/04/21,上市,電腦及週邊設備業,ESVUFR
3062　建漢,TW0003062006,2003/07/28,上市,通信網路業,ESVUFR
3092　鴻碩,TW0003092003,2021/05/13,上市,電子零組件業,ESVUFR
3094　聯傑,TW0003094009,2007/08/06,上市,半導體業,ESVUFR
3138　耀登,TW0003138004,2020/12/11,上市,通信網路業,ESVUFR
3149　正達,TW0003149001,2011/11/23,上市,光電業,ESVUFR
3164　景岳,TW0003164000,2010/03/22,上市,生技醫療業,ESVUFR
3167　大量,TW0003167003,2013/10/21,上市,電機機械,ESVUFR
3189　景碩,TW0003189007,2004/11/01,上市,半導體業,ESVUFR
3209　全科,TW0003209003,2008/11/26,上市,電子通路業,ESVUFR
3229　晟鈦,TW0003229001,2009/12/31,上市,電子零組件業,ESVUFR
3231　緯創,TW0003231007,2003/08/19,上市,電腦及週邊設備業,ESVUFR
3266　昇陽,TW0003266003,2014/12/24,上市,建材營造業,ESVUFR
3296　勝德,TW0003296000,2007/12/31,上市,電子零組件業,ESVUFR
3305　昇貿,TW0003305009,2008/07/10,上市,其他電子業,ESVUFR
3308　聯德,TW0003308003,2008/03/12,上市,電子零組件業,ESVUFR
3311　閎暉,TW0003311007,2004/03/08,上市,通信網路業,ESVUFR
3321　同泰,TW0003321006,2015/12/15,上市,電子零組件業,ESVUFR
3338　泰碩,TW0003338000,2013/12/13,上市,電子零組件業,ESVUFR
3346　麗清,TW0003346003,2016/12/19,上市,汽車工業,ESVUFR
3356　奇偶,TW0003356002,2005/03/28,上市,光電業,ESVUFR
3380　明泰,TW0003380002,2004/12/20,上市,通信網路業,ESVUFR
3413　京鼎,TW0003413001,2015/07/28,上市,半導體業,ESVUFR
3419　譁裕,TW0003419008,2008/01/21,上市,通信網路業,ESVUFR
3432　台端,TW0003432001,2010/12/30,上市,電子零組件業,ESVUFR
3437　榮創,TW0003437000,2014/07/09,上市,光電業,ESVUFR
3443　創意,TW0003443008,2006/11/03,上市,半導體業,ESVUFR
3450　聯鈞,TW0003450003,2006/04/12,上市,半導體業,ESVUFR
3454　晶睿,TW0003454005,2011/07/22,上市,光電業,ESVUFR
3481　群創,TW0003481008,2006/10/24,上市,光電業,ESVUFR
3494　誠研,TW0003494001,2007/12/13,上市,電腦及週邊設備業,ESVUFR
3501　維熹,TW0003501003,2007/09/20,上市,電子零組件業,ESVUFR
3515　華擎,TW0003515003,2007/11/08,上市,電腦及週邊設備業,ESVUFR
3518　柏騰,TW0003518007,2007/11/28,上市,其他電子業,ESVUFR
3528　安馳,TW0003528006,2016/05/18,上市,電子通路業,ESVUFR
3533　嘉澤,TW0003533006,2007/12/10,上市,電子零組件業,ESVUFR
3536　誠創,TW0003536009,2008/04/30,上市,半導體業,ESVUFR
3543　州巧,TW0003543005,2020/04/15,上市,光電業,ESVUFR
3545　敦泰,TW0003545000,2007/07/03,上市,半導體業,ESVUFR
3550　聯穎,TW0003550000,2010/11/10,上市,電子零組件業,ESVUFR
3557　嘉威,TW0003557005,2008/02/27,上市,其他業,ESVUFR
3563　牧德,TW0003563003,2019/04/02,上市,光電業,ESVUFR
3583　辛耘,TW0003583001,2013/03/12,上市,半導體業,ESVUFR
3588　通嘉,TW0003588000,2009/08/14,上市,半導體業,ESVUFR
3592　瑞鼎,TW0003592002,2022/01/07,上市,半導體業,ESVUFR
3593　力銘,TW0003593000,2009/03/16,上市,電子零組件業,ESVUFR
3596　智易,TW0003596003,2009/03/11,上市,通信網路業,ESVUFR
3605　宏致,TW0003605002,2009/03/26,上市,電子零組件業,ESVUFR
3607　谷崧,TW0003607008,2009/10/28,上市,電子零組件業,ESVUFR
3617　碩天,TW0003617007,2009/12/23,上市,其他電子業,ESVUFR
3622　洋華,TW0003622007,2009/03/25,上市,光電業,ESVUFR
3645　達邁,TW0003645008,2011/10/05,上市,電子零組件業,ESVUFR
3652　精聯,TW0003652004,2022/09/21,上市,電腦及週邊設備業,ESVUFR
3653　健策,TW0003653002,2009/11/18,上市,電子零組件業,ESVUFR
3669　圓展,TW0003669008,2011/08/25,上市,通信網路業,ESVUFR
3686　達能,TW0003686002,2010/07/20,上市,半導體業,ESVUFR
3694　海華,TW0003694006,2011/05/03,上市,通信網路業,ESVUFR
3703　欣陸,TW0003703005,2010/04/08,上市,建材營造業,ESVUFR
3705　永信,TW0003705000,2011/01/03,上市,生技醫療業,ESVUFR
3706　神達,TW0003706008,2013/09/12,上市,電腦及週邊設備業,ESVUFR
3714　富采,TW0003714002,2021/01/06,上市,光電業,ESVUFR
4104　佳醫,TW0004104005,2007/12/31,上市,生技醫療業,ESVUFR
4106　雃博,TW0004106000,2004/11/08,上市,生技醫療業,ESVUFR
4108　懷特,TW0004108006,2008/07/16,上市,生技醫療業,ESVUFR
4119　旭富,TW0004119003,2004/01/07,上市,生技醫療業,ESVUFR
4155　訊映,TW0004155007,2017/12/05,上市,生技醫療業,ESVUFR
4306　炎洲,TW0004306006,2008/01/21,上市,塑膠工業,ESVUFR
4414　如興,TW0004414008,2004/09/06,上市,紡織纖維,ESVUFR
4426　利勤,TW0004426002,2011/12/16,上市,紡織纖維,ESVUFR
4438　廣越,TW0004438007,2016/10/18,上市,紡織纖維,ESVUFR
4526　東台,TW0004526009,2003/09/15,上市,電機機械,ESVUFR
4532　瑞智,TW0004532007,2003/08/04,上市,電機機械,ESVUFR
4536　拓凱,TW0004536008,2013/10/09,上市,其他業,ESVUFR
4545　銘鈺,TW0004545009,2016/01/06,上市,電子零組件業,ESVUFR
4555　氣立,TW0004555008,2015/10/27,上市,電機機械,ESVUFR
4562　穎漢,TW0004562004,2017/08/21,上市,電機機械,ESVUFR
4564　元翎,TW0004564000,2019/03/07,上市,電機機械,ESVUFR
4572　駐龍,TW0004572003,2019/09/10,上市,電機機械,ESVUFR
4720　德淵,TW0004720008,2015/06/24,上市,化學工業,ESVUFR
4737　華廣,TW0004737002,2010/12/23,上市,生技醫療業,ESVUFR
4739　康普,TW0004739008,2017/09/08,上市,化學工業,ESVUFR
4746　台耀,TW0004746003,2011/03/01,上市,生技醫療業,ESVUFR
4764　雙鍵,TW0004764006,2018/01/04,上市,化學工業,ESVUFR
4766　南寶,TW0004766001,2018/11/28,上市,化學工業,ESVUFR
4770　上品,TW0004770003,2021/12/22,上市,化學工業,ESVUFR
4904　遠傳,TW0004904008,2005/08/24,上市,通信網路業,ESVUFR
4906　正文,TW0004906003,2003/06/30,上市,通信網路業,ESVUFR
4915　致伸,TW0004915004,2012/10/05,上市,電子零組件業,ESVUFR
4919　新唐,TW0004919006,2010/09/27,上市,半導體業,ESVUFR
4934　太極,TW0004934005,2010/03/10,上市,光電業,ESVUFR
4938　和碩,TW0004938006,2010/06/24,上市,電腦及週邊設備業,ESVUFR
4942　嘉彰,TW0004942008,2011/06/27,上市,光電業,ESVUFR
4952　凌通,TW0004952007,2011/11/01,上市,半導體業,ESVUFR
4956　光鋐,TW0004956008,2011/10/24,上市,光電業,ESVUFR
4961　天鈺,TW0004961008,2018/10/17,上市,半導體業,ESVUFR
4967　十銓,TW0004967005,2019/01/14,上市,半導體業,ESVUFR
4968　立積,TW0004968003,2015/11/13,上市,半導體業,ESVUFR
4976　佳凌,TW0004976006,2012/11/20,上市,光電業,ESVUFR
4989　榮科,TW0004989009,2018/06/28,上市,電子零組件業,ESVUFR
4994　傳奇,TW0004994009,2013/12/25,上市,資訊服務業,ESVUFR
4999　鑫禾,TW0004999008,2013/06/03,上市,電子零組件業,ESVUFR
5007　三星,TW0005007009,2011/09/16,上市,鋼鐵工業,ESVUFR
5203　訊連,TW0005203004,2004/09/27,上市,資訊服務業,ESVUFR
5222　全訊,TW0005222004,2021/10/25,上市,半導體業,ESVUFR
5244　弘凱,TW0005244008,2022/01/19,上市,光電業,ESVUFR
5258　虹堡,TW0005258008,2016/12/30,上市,電腦及週邊設備業,ESVUFR
5269　祥碩,TW0005269005,2012/12/12,上市,半導體業,ESVUFR
5285　界霖,TW0005285001,2014/02/25,上市,半導體業,ESVUFR
5306　桂盟,TW0005306005,2022/03/08,上市,其他業,ESVUFR
5388　中磊,TW0005388003,2007/12/03,上市,通信網路業,ESVUFR
5434　崇越,TW0005434005,2003/08/25,上市,電子通路業,ESVUFR
5471　松翰,TW0005471007,2003/08/25,上市,半導體業,ESVUFR
5484　慧友,TW0005484000,2003/08/25,上市,光電業,ESVUFR
5515　建國,TW0005515001,2003/10/06,上市,建材營造業,ESVUFR
5519　隆大,TW0005519003,2014/02/10,上市,建材營造業,ESVUFR
5521　工信,TW0005521009,2012/12/18,上市,建材營造業,ESVUFR
5522　遠雄,TW0005522007,2007/08/06,上市,建材營造業,ESVUFR
5525　順天,TW0005525000,2004/11/26,上市,建材營造業,ESVUFR
5531　鄉林,TW0005531008,2005/01/31,上市,建材營造業,ESVUFR
5533　皇鼎,TW0005533004,2008/04/30,上市,建材營造業,ESVUFR
5534　長虹,TW0005534002,2004/05/24,上市,建材營造業,ESVUFR
5706　鳳凰,TW0005706006,2011/10/21,上市,觀光事業,ESVUFR
6108　競國,TW0006108004,2008/12/30,上市,電子零組件業,ESVUFR
6115　鎰勝,TW0006115009,2004/07/19,上市,電子零組件業,ESVUFR
6116　彩晶,TW0006116007,2004/09/06,上市,光電業,ESVUFR
6117　迎廣,TW0006117005,2003/08/25,上市,電腦及週邊設備業,ESVUFR
6120　達運,TW0006120009,2006/09/13,上市,光電業,ESVUFR
6128　上福,TW0006128002,2003/06/16,上市,電腦及週邊設備業,ESVUFR
6133　金橋,TW0006133002,2003/08/15,上市,電子零組件業,ESVUFR
6139　亞翔,TW0006139009,2003/08/25,上市,其他電子業,ESVUFR
6141　柏承,TW0006141005,2003/10/22,上市,電子零組件業,ESVUFR
6142　友勁,TW0006142003,2003/08/04,上市,通信網路業,ESVUFR
6152　百一,TW0006152002,2009/12/08,上市,通信網路業,ESVUFR
6155　鈞寶,TW0006155005,2006/08/18,上市,電子零組件業,ESVUFR
6164　華興,TW0006164007,2008/10/21,上市,光電業,ESVUFR
6165　浪凡,TW0006165004,2003/08/04,上市,其他業,ESVUFR
6166　凌華,TW0006166002,2004/11/08,上市,電腦及週邊設備業,ESVUFR
6168　宏齊,TW0006168008,2003/08/25,上市,光電業,ESVUFR
6176　瑞儀,TW0006176001,2007/05/15,上市,光電業,ESVUFR
6177　達麗,TW0006177009,2013/08/01,上市,建材營造業,ESVUFR
6183　關貿,TW0006183007,2011/12/01,上市,資訊服務業,ESVUFR
6189　豐藝,TW0006189004,2004/05/24,上市,電子通路業,ESVUFR
6192　巨路,TW0006192008,2004/09/27,上市,其他電子業,ESVUFR
6196　帆宣,TW0006196009,2004/05/24,上市,其他電子業,ESVUFR
6202　盛群,TW0006202005,2004/09/27,上市,半導體業,ESVUFR
6205　詮欣,TW0006205008,2008/01/21,上市,電子零組件業,ESVUFR
6206　飛捷,TW0006206006,2004/08/03,上市,電腦及週邊設備業,ESVUFR
6213　聯茂,TW0006213002,2008/01/21,上市,電子零組件業,ESVUFR
6214　精誠,TW0006214000,2010/12/30,上市,資訊服務業,ESVUFR
6215　和椿,TW0006215007,2007/12/31,上市,其他電子業,ESVUFR
6216　居易,TW0006216005,2004/09/27,上市,通信網路業,ESVUFR
6224　聚鼎,TW0006224009,2009/09/17,上市,電子零組件業,ESVUFR
6225　天瀚,TW0006225006,2004/09/27,上市,光電業,ESVUFR
6226　光鼎,TW0006226004,2008/11/10,上市,光電業,ESVUFR
6235　華孚,TW0006235005,2004/08/23,上市,電腦及週邊設備業,ESVUFR
6239　力成,TW0006239007,2004/11/08,上市,半導體業,ESVUFR
6243　迅杰,TW0006243009,2009/12/17,上市,半導體業,ESVUFR
6257　矽格,TW0006257009,2003/08/25,上市,半導體業,ESVUFR
6269　台郡,TW0006269004,2003/09/23,上市,電子零組件業,ESVUFR
6277　宏正,TW0006277007,2003/10/30,上市,電腦及週邊設備業,ESVUFR
6282　康舒,TW0006282007,2003/09/08,上市,電子零組件業,ESVUFR
6283　淳安,TW0006283005,2008/01/21,上市,其他電子業,ESVUFR
6288　聯嘉,TW0006288004,2018/05/09,上市,汽車工業,ESVUFR
6405　悅城,TW0006405004,2013/11/28,上市,光電業,ESVUFR
6409　旭隼,TW0006409006,2014/03/31,上市,其他電子業,ESVUFR
6412　群電,TW0006412000,2013/11/08,上市,電子零組件業,ESVUFR
6414　樺漢,TW0006414006,2014/03/28,上市,電腦及週邊設備業,ESVUFR
6426　統新,TW0006426000,2021/03/24,上市,通信網路業,ESVUFR
6438　迅得,TW0006438005,2021/01/19,上市,其他電子業,ESVUFR
6442　光聖,TW0006442007,2015/07/14,上市,通信網路業,ESVUFR
6443　元晶,TW0006443005,2015/10/01,上市,光電業,ESVUFR
6449　鈺邦,TW0006449002,2014/12/09,上市,電子零組件業,ESVUFR
6477　安集,TW0006477003,2016/06/21,上市,光電業,ESVUFR
6491　晶碩,TW0006491004,2019/10/07,上市,生技醫療業,ESVUFR
6504　南六,TW0006504004,2013/05/07,上市,其他業,ESVUFR
6515　穎崴,TW0006515000,2021/01/20,上市,半導體業,ESVUFR
6579　研揚,TW0006579006,2017/08/21,上市,電腦及週邊設備業,ESVUFR
6581　鋼聯,TW0006581002,2018/01/30,上市,其他業,ESVUFR
6582　申豐,TW0006582000,2017/06/14,上市,橡膠工業,ESVUFR
6585　鼎基,TW0006585003,2022/05/20,上市,其他業,ESVUFR
6605　帝寶,TW0006605009,2004/03/17,上市,汽車工業,ESVUFR
6625　必應,TW0006625007,2018/02/07,上市,其他業,ESVUFR
6655　科定,TW0006655004,2018/11/28,上市,其他業,ESVUFR
6669　緯穎,TW0006669005,2019/03/27,上市,電腦及週邊設備業,ESVUFR
6706　惠特,TW0006706005,2019/12/19,上市,光電業,ESVUFR
6715　嘉基,TW0006715006,2019/12/12,上市,電子零組件業,ESVUFR
6719　力智,TW0006719008,2022/01/13,上市,半導體業,ESVUFR
6789　采鈺,TW0006789001,2022/06/30,上市,半導體業,ESVUFR
6792　詠業,TW0006792005,2021/12/08,上市,通信網路業,ESVUFR
6796　晉弘,TW0006796006,2022/06/01,上市,生技醫療業,ESVUFR
6799　來頡,TW0006799000,2022/05/12,上市,半導體業,ESVUFR
6830　汎銓,TW0006830003,2022/08/31,上市,其他電子業,ESVUFR
8011　台通,TW0008011008,2011/09/19,上市,通信網路業,ESVUFR
8016　矽創,TW0008016007,2003/12/25,上市,半導體業,ESVUFR
8021　尖點,TW0008021007,2008/01/21,上市,其他電子業,ESVUFR
8033　雷虎,TW0008033002,2007/06/21,上市,其他業,ESVUFR
8039　台虹,TW0008039009,2009/12/17,上市,電子零組件業,ESVUFR
8046　南電,TW0008046004,2006/04/07,上市,電子零組件業,ESVUFR
8072　陞泰,TW0008072000,2005/08/19,上市,電子通路業,ESVUFR
8081　致新,TW0008081001,2008/12/30,上市,半導體業,ESVUFR
8101　華冠,TW0008101007,2004/07/01,上市,通信網路業,ESVUFR
8103　瀚荃,TW0008103003,2009/09/29,上市,電子零組件業,ESVUFR
8104　錸寶,TW0008104001,2019/01/17,上市,光電業,ESVUFR
8105　凌巨,TW0008105008,2006/12/27,上市,光電業,ESVUFR
8110　華東,TW0008110008,2007/10/31,上市,半導體業,ESVUFR
8112　至上,TW0008112004,2007/12/31,上市,電子通路業,ESVUFR
8150　南茂,TW0008150004,2014/04/11,上市,半導體業,ESVUFR
8163　達方,TW0008163007,2007/11/28,上市,電腦及週邊設備業,ESVUFR
8201　無敵,TW0008201005,2007/10/29,上市,其他電子業,ESVUFR
8210　勤誠,TW0008210006,2011/12/01,上市,電腦及週邊設備業,ESVUFR
8213　志超,TW0008213000,2009/12/25,上市,電子零組件業,ESVUFR
8222　寶一,TW0008222001,2015/01/27,上市,電機機械,ESVUFR
8249　菱光,TW0008249004,2005/05/17,上市,電子零組件業,ESVUFR
8261　富鼎,TW0008261009,2009/12/11,上市,半導體業,ESVUFR
8271　宇瞻,TW0008271008,2010/12/29,上市,半導體業,ESVUFR
8341　日友,TW0008341009,2015/03/23,上市,其他業,ESVUFR
8374　羅昇,TW0008374000,2008/12/25,上市,電機機械,ESVUFR
8438　昶昕,TW0008438003,2022/03/11,上市,其他業,ESVUFR
8443　阿瘦,TW0008443003,2014/09/15,上市,貿易百貨業,ESVUFR
8462　柏文,TW0008462003,2019/03/15,上市,觀光事業,ESVUFR
8464　億豐,TW0008464009,2015/12/22,上市,其他業,ESVUFR
8481　政伸,TW0008481003,2017/02/24,上市,其他業,ESVUFR
8996　高力,TW0008996000,2014/02/14,上市,電機機械,ESVUFR
9902　台火,TW0009902007,1964/07/14,上市,其他業,ESVUFR
9904　寶成,TW0009904003,1990/01/19,上市,其他業,ESVUFR
9905　大華,TW0009905000,1990/08/08,上市,其他業,ESVUFR
9910　豐泰,TW0009910000,1992/02/18,上市,其他業,ESVUFR
9911　櫻花,TW0009911008,1992/07/16,上市,其他業,ESVUFR
9912　偉聯,TW0009912006,1992/08/08,上市,電腦及週邊設備業,ESVUFR
9921　巨大,TW0009921007,1994/12/29,上市,其他業,ESVUFR
9924　福興,TW0009924001,1995/03/15,上市,其他業,ESVUFR
9925　新保,TW0009925008,1995/12/09,上市,其他業,ESVUFR
9926　新海,TW0009926006,1998/04/08,上市,油電燃氣業,ESVUFR
9927　泰銘,TW0009927004,1999/03/12,上市,其他業,ESVUFR
9928　中視,TW0009928002,1999/08/09,上市,其他業,ESVUFR
9929　秋雨,TW0009929000,1999/06/28,上市,其他業,ESVUFR
9931　欣高,TW0009931006,2000/03/21,上市,油電燃氣業,ESVUFR
9933　中鼎,TW0009933002,1993/05/28,上市,其他業,ESVUFR
9934　成霖,TW0009934000,2000/09/11,上市,其他業,ESVUFR
9937　全國,TW0009937003,2000/09/11,上市,油電燃氣業,ESVUFR
9938　百和,TW0009938001,2001/01/12,上市,其他業,ESVUFR
9939　宏全,TW0009939009,2001/03/02,上市,其他業,ESVUFR
9940　信義,TW0009940007,2001/09/17,上市,其他業,ESVUFR
9941　裕融,TW0009941005,2001/09/17,上市,其他業,ESVUFR
9942　茂順,TW0009942003,2002/01/28,上市,其他業,ESVUFR
9944　新麗,TW0009944009,2002/08/26,上市,其他業,ESVUFR
9955　佳龍,TW0009955005,2008/01/21,上市,其他業,ESVUFR
03654P　T50反1元富27售02,TW22Z03654P0,2022/10/04,上市,,RWBCPE
03658P　T50反1富邦1C售02,TW21Z03658P2,2021/12/28,上市,,RWBCPE
03747P　T50正2中信21售01,TW22Z03747P2,2022/01/04,上市,,RWBCPE
03796C　T50反1元大1B牛01,TW22Z03796C7,2022/03/18,上市,,RWBCCE
03805C　T50反1富邦25牛01,TW22Z03805C6,2022/05/03,上市,,RWBCCE
03811C　T50反1元大25牛03,TW22Z03811C4,2022/05/13,上市,,RWBCCE
03832C　T50反1元大28牛02,TW22Z03832C0,2022/08/02,上市,,RWBCCE
03834P　A50正2元富21售01,TW22Z03834P8,2022/01/11,上市,,RWBCPE
03841C　T50反1元大29牛02,TW22Z03841C1,2022/09/28,上市,,RWBCCE
04085P　T50反1元富27售08,TW22Z04085P6,2022/10/20,上市,,RWBCPE
04094P　T50正2凱基1B售01,TW22Z04094P8,2022/02/08,上市,,RWBCPE
04115P　T50反1元富27售04,TW22Z04115P1,2022/10/12,上市,,RWBCPE
041162　T50正2第一28購01,TW21Z0411623,2021/08/05,上市,,RWBCCA
04207P　T50反1元富1B售02,TW22Z04207P6,2022/02/15,上市,,RWBCPE
04223P　T50反1元富27售06,TW22Z04223P3,2022/10/14,上市,,RWBCPE
04352P　T50正2富邦1C售01,TW22Z04352P0,2022/02/21,上市,,RWBCPE
043819　台灣50第一28購01,TW21Z0438196,2021/09/01,上市,,RWBCCA
04407P　T50反1國泰2A售01,TW22Z04407P2,2022/10/18,上市,,RWBCPE
04460P　A50正2元富24售02,TW22Z04460P1,2022/10/18,上市,,RWBCPE
04567P　T50反1國泰1B售03,TW22Z04567P3,2022/03/09,上市,,RWBCPE
04578P　A50正2群益26售02,TW22Z04578P0,2022/10/24,上市,,RWBCPE
04602P　T50反1元富27售10,TW22Z04602P8,2022/10/24,上市,,RWBCPE
04622P　T50正2元大1C售01,TW22Z04622P6,2022/03/11,上市,,RWBCPE
04732P　T50正2群益1B售01,TW22Z04732P3,2022/03/18,上市,,RWBCPE
04824P　T50正2凱基1B售03,TW22Z04824P8,2022/03/24,上市,,RWBCPE
04829P　T50正2國票1B售01,TW22Z04829P7,2022/03/24,上市,,RWBCPE
04887P　T50正2國票1B售03,TW22Z04887P5,2022/03/31,上市,,RWBCPE
051086　A50正2元富1B購01,TW21Z0510861,2021/11/09,上市,,RWBCCA
05127P　T50正2元大1C售05,TW22Z05127P5,2022/04/20,上市,,RWBCPE
05149P　T50正2國票1B售05,TW22Z05149P9,2022/04/21,上市,,RWBCPE
05151P　T50正2富邦22售01,TW22Z05151P5,2022/04/21,上市,,RWBCPE
05155P　T50正2元大23售01,TW22Z05155P6,2022/04/21,上市,,RWBCPE
051838　T50反1第一1B購01,TW21Z0518385,2021/11/15,上市,,RWBCCA
052207　滬深2X元富1B購01,TW21Z0522072,2021/11/16,上市,,RWBCCA
052979　T50反1凱基1B購01,TW21Z0529796,2021/11/23,上市,,RWBCCA
05326P　T50正2群益1B售02,TW22Z05326P3,2022/05/04,上市,,RWBCPE
053364　A50正2元富1B購02,TW21Z0533640,2021/11/25,上市,,RWBCCA
053704　台灣50國票1B購01,TW21Z0537047,2021/11/29,上市,,RWBCCA
05403P　T50反1元富22售01,TW22Z05403P0,2022/05/05,上市,,RWBCPE
054811　T50反1中信1C購01,TW21Z0548119,2021/12/08,上市,,RWBCCE
05491P　T50正2國票1B售07,TW22Z05491P5,2022/05/09,上市,,RWBCPE
055177　T50反1中信1C購02,TW21Z0551774,2021/12/10,上市,,RWBCCE
055628　T50反1凱基1C購01,TW21Z0556286,2021/12/14,上市,,RWBCCA
055632　元金2X凱基1C購01,TW21Z0556328,2021/12/14,上市,,RWBCCA
05565P　T50正2元大25售02,TW22Z05565P6,2022/05/11,上市,,RWBCPE
055724　T50反1富邦1C購01,TW21Z0557243,2021/12/14,上市,,RWBCCA
05591P　T50正2中信1C售01,TW22Z05591P2,2022/05/12,上市,,RWBCPE
05594P　T50正2凱基23售03,TW22Z05594P6,2022/05/12,上市,,RWBCPE
05700P　T50正2富邦1B售02,TW22Z05700P9,2022/05/13,上市,,RWBCPE
057283　上証2X凱基1B購01,TW21Z0572838,2021/12/27,上市,,RWBCCA
057284　滬深2X凱基1B購01,TW21Z0572846,2021/12/27,上市,,RWBCCA
057285　香港2X凱基1B購01,TW21Z0572853,2021/12/27,上市,,RWBCCA
057286　A50正2凱基1B購01,TW21Z0572861,2021/12/27,上市,,RWBCCA
057288　美指2X凱基1C購01,TW21Z0572887,2021/12/27,上市,,RWBCCA
057669　台灣50凱基1A購04,TW21Z0576698,2021/12/29,上市,,RWBCCA
057670　台灣50凱基1C購01,TW21Z0576706,2021/12/29,上市,,RWBCCA
058060　T50反1中信1B購01,TW22Z0580607,2022/01/03,上市,,RWBCCE
058312　T50反1台新21購01,TW22Z0583122,2022/01/04,上市,,RWBCCE
058499　T50反1富邦1B購01,TW22Z0584997,2022/01/04,上市,,RWBCCA
05864P　T50正2國票1C售03,TW22Z05864P3,2022/05/20,上市,,RWBCPE
05872P　T50正2元大25售03,TW22Z05872P6,2022/05/20,上市,,RWBCPE
058777　元金2X統一21購01,TW22Z0587776,2022/01/06,上市,,RWBCCA
05913P　T50正2國票21售01,TW22Z05913P8,2022/05/24,上市,,RWBCPE
059176　元金2X凱基21購01,TW22Z0591760,2022/01/07,上市,,RWBCCA
059321　T50反1凱基21購01,TW22Z0593212,2022/01/10,上市,,RWBCCA
05942P　T50正2富邦1B售03,TW22Z05942P7,2022/05/24,上市,,RWBCPE
059632　元金2X群益1C購01,TW22Z0596322,2022/01/11,上市,,RWBCCA
05976P　T50正2凱基25售01,TW22Z05976P5,2022/05/26,上市,,RWBCPE
05977P　T50正2凱基25售03,TW22Z05977P3,2022/05/26,上市,,RWBCPE
059849　美指2X元富21購01,TW22Z0598492,2022/01/12,上市,,RWBCCA
060064　A50正2元富21購02,TW22Z0600645,2022/01/13,上市,,RWBCCA
060208　滬深2X凱基1C購01,TW22Z0602088,2022/01/14,上市,,RWBCCA
061136　美指2X凱基21購01,TW22Z0611360,2022/01/20,上市,,RWBCCA
061495　元金2X富邦1B購01,TW22Z0614950,2022/01/21,上市,,RWBCCA
061783　香港2X凱基1B購02,TW22Z0617839,2022/01/25,上市,,RWBCCA
061975　T50反1國泰1B購01,TW22Z0619751,2022/01/26,上市,,RWBCCA
062058　台灣5G元大1A購03,TW22Z0620585,2022/01/26,上市,,RWBCCA
062382　T50正2凱基1B購02,TW22Z0623829,2022/02/08,上市,,RWBCCA
062383　T50反1凱基21購02,TW22Z0623837,2022/02/08,上市,,RWBCCA
062384　T50反1凱基21購03,TW22Z0623845,2022/02/08,上市,,RWBCCA
06246P　T50正2國泰22售01,TW22Z06246P2,2022/06/07,上市,,RWBCPE
062553　美指2X元富1C購01,TW22Z0625535,2022/02/09,上市,,RWBCCA
06258P　T50正2元大25售04,TW22Z06258P7,2022/06/07,上市,,RWBCPE
06281P　T50正2凱基26售01,TW22Z06281P9,2022/06/08,上市,,RWBCPE
062924　滬深2X元富22購01,TW22Z0629248,2022/02/11,上市,,RWBCCA
06297P　T50正2國票21售02,TW22Z06297P5,2022/06/08,上市,,RWBCPE
06303P　T50正2中信24售01,TW22Z06303P1,2022/06/09,上市,,RWBCPE
063089　A50正2富邦1B購01,TW22Z0630899,2022/02/11,上市,,RWBCCA
06310P　T50正2永豐1C售01,TW22Z06310P6,2022/06/09,上市,,RWBCPE
063275　T50反1元大1C購01,TW22Z0632754,2022/02/14,上市,,RWBCCA
063276　T50反1元大1C購02,TW22Z0632762,2022/02/14,上市,,RWBCCA
06337P　T50正2國票23售01,TW22Z06337P9,2022/06/09,上市,,RWBCPE
063384　T50反1元富1B購01,TW22Z0633844,2022/02/15,上市,,RWBCCA
063420　T50反1凱基1B購02,TW22Z0634206,2022/02/15,上市,,RWBCCA
063421　T50反1凱基21購04,TW22Z0634214,2022/02/15,上市,,RWBCCA
063564　T50反1第一28購01,TW22Z0635641,2022/02/16,上市,,RWBCCA
06381P　T50正2群益1C售02,TW22Z06381P7,2022/06/13,上市,,RWBCPE
063841　T50反1兆豐1C購01,TW22Z0638413,2022/02/17,上市,,RWBCCA
063934　上証2X凱基1B購02,TW22Z0639346,2022/02/17,上市,,RWBCCA
063935　滬深2X凱基1B購02,TW22Z0639353,2022/02/17,上市,,RWBCCA
063936　滬深2X凱基1B購03,TW22Z0639361,2022/02/17,上市,,RWBCCA
063937　滬深2X凱基22購01,TW22Z0639379,2022/02/17,上市,,RWBCCA
063999　滬深2X元大1B購01,TW22Z0639999,2022/02/17,上市,,RWBCCA
064234　T50反1群益1B購01,TW22Z0642340,2022/02/18,上市,,RWBCCA
064392　T50反1國票1B購01,TW22Z0643926,2022/02/21,上市,,RWBCCA
064393　T50反1國票21購01,TW22Z0643934,2022/02/21,上市,,RWBCCA
064394　T50反1國票22購01,TW22Z0643942,2022/02/21,上市,,RWBCCA
064476　台灣50富邦1C購01,TW22Z0644767,2022/02/21,上市,,RWBCCA
064716　滬深2X元富1B購02,TW22Z0647166,2022/02/22,上市,,RWBCCA
064717　A50正2元富1B購03,TW22Z0647174,2022/02/22,上市,,RWBCCA
06484P　T50正2元大23售03,TW22Z06484P9,2022/06/16,上市,,RWBCPE
06485P　T50正2元大24售04,TW22Z06485P6,2022/06/16,上市,,RWBCPE
064926　滬深2X元大1B購02,TW22Z0649261,2022/02/23,上市,,RWBCCA
064927　滬深2X元大1B購03,TW22Z0649279,2022/02/23,上市,,RWBCCA
065077　台灣50凱基1B購02,TW22Z0650772,2022/02/24,上市,,RWBCCA
06555P　T50正2群益21售01,TW22Z06555P6,2022/06/21,上市,,RWBCPE
065592　A50正2群益1A購01,TW22Z0655920,2022/03/01,上市,,RWBCCA
065643　滬深2X元大1B購04,TW22Z0656431,2022/03/01,上市,,RWBCCA
065644　滬深2X元大1B購05,TW22Z0656449,2022/03/01,上市,,RWBCCA
065713　T50反1國泰1B購02,TW22Z0657132,2022/03/02,上市,,RWBCCA
066016　台灣50群益21購01,TW22Z0660169,2022/03/03,上市,,RWBCCA
066042　台灣50元大1B購03,TW22Z0660425,2022/03/03,上市,,RWBCCA
066043　台灣50元大1B購04,TW22Z0660433,2022/03/03,上市,,RWBCCA
066044　T50反1元大21購01,TW22Z0660441,2022/03/03,上市,,RWBCCA
066045　T50反1元大23購01,TW22Z0660458,2022/03/03,上市,,RWBCCA
06630P　T50正2國票22售01,TW22Z06630P7,2022/06/22,上市,,RWBCPE
06631P　T50正2國票25售01,TW22Z06631P5,2022/06/22,上市,,RWBCPE
066585　上証2X富邦1B購01,TW22Z0665853,2022/03/07,上市,,RWBCCA
066586　滬深2X富邦1B購01,TW22Z0665861,2022/03/07,上市,,RWBCCA
066667　滬深2X凱基1B購04,TW22Z0666679,2022/03/08,上市,,RWBCCA
066715　T50反1元富1C購01,TW22Z0667156,2022/03/08,上市,,RWBCCA
06681P　T50正2富邦23售01,TW22Z06681P0,2022/06/22,上市,,RWBCPE
066872　T50反1兆豐21購01,TW22Z0668725,2022/03/09,上市,,RWBCCA
066999　道瓊2X元大1C購01,TW22Z0669996,2022/03/09,上市,,RWBCCA
067159　元金2X群益1B購01,TW22Z0671596,2022/03/10,上市,,RWBCCA
067328　T50正2凱基1C購01,TW22Z0673287,2022/03/11,上市,,RWBCCA
067331　滬深2X凱基22購02,TW22Z0673311,2022/03/11,上市,,RWBCCA
067463　T50正2元大1C購02,TW22Z0674632,2022/03/11,上市,,RWBCCA
067464　T50正2元大1C購03,TW22Z0674640,2022/03/11,上市,,RWBCCA
067465　T50正2元大21購01,TW22Z0674657,2022/03/11,上市,,RWBCCA
067466　T50反1元大1C購03,TW22Z0674665,2022/03/11,上市,,RWBCCA
067467　T50反1元大21購02,TW22Z0674673,2022/03/11,上市,,RWBCCA
067532　T50正2富邦1B購01,TW22Z0675324,2022/03/11,上市,,RWBCCA
067650　T50反1群益21購01,TW22Z0676504,2022/03/14,上市,,RWBCCA
067651　T50反1群益21購02,TW22Z0676512,2022/03/14,上市,,RWBCCA
067652　T50反1群益21購03,TW22Z0676520,2022/03/14,上市,,RWBCCA
067799　滬深2X國泰1B購01,TW22Z0677999,2022/03/15,上市,,RWBCCA
067901　滬深2X元富1C購01,TW22Z0679011,2022/03/15,上市,,RWBCCA
067902　A50正2元富1C購01,TW22Z0679029,2022/03/15,上市,,RWBCCA
067960　T50反1凱基21購05,TW22Z0679607,2022/03/15,上市,,RWBCCA
067961　T50反1凱基21購06,TW22Z0679615,2022/03/15,上市,,RWBCCA
067986　台灣50中信1B購02,TW22Z0679862,2022/03/16,上市,,RWBCCE
068020　T50反1群益23購01,TW22Z0680209,2022/03/16,上市,,RWBCCA
068022　香港2X群益1B購01,TW22Z0680225,2022/03/16,上市,,RWBCCA
068081　台灣50元大1C購02,TW22Z0680811,2022/03/16,上市,,RWBCCA
068082　台灣50元大1C購03,TW22Z0680829,2022/03/16,上市,,RWBCCA
068083　台灣50元大21購03,TW22Z0680837,2022/03/16,上市,,RWBCCA
068084　台灣50元大21購04,TW22Z0680845,2022/03/16,上市,,RWBCCA
06814P　T50正2群益1C售04,TW22Z06814P7,2022/06/28,上市,,RWBCPE
068255　元金2X凱基22購01,TW22Z0682551,2022/03/17,上市,,RWBCCA
068337　台灣50國票1B購02,TW22Z0683377,2022/03/17,上市,,RWBCCA
068339　香港2X國票1B購01,TW22Z0683393,2022/03/17,上市,,RWBCCA
068340　香港2X國票1C購01,TW22Z0683401,2022/03/17,上市,,RWBCCA
068386　台灣50統一1C購01,TW22Z0683864,2022/03/18,上市,,RWBCCA
068396　香港2X群益1B購02,TW22Z0683963,2022/03/18,上市,,RWBCCA
068442　香港2X凱基1C購01,TW22Z0684425,2022/03/18,上市,,RWBCCA
068483　滬深2X國票1B購01,TW22Z0684839,2022/03/18,上市,,RWBCCA
068573　台灣50永豐1B購01,TW22Z0685737,2022/03/21,上市,,RWBCCA
068642　滬深2X元富1C購02,TW22Z0686420,2022/03/21,上市,,RWBCCA
068749　滬深2X中信1B購01,TW22Z0687493,2022/03/22,上市,,RWBCCE
068750　香港2X中信1B購01,TW22Z0687501,2022/03/22,上市,,RWBCCE
068793　滬深2X永豐1B購01,TW22Z0687931,2022/03/22,上市,,RWBCCA
068878　滬深2X富邦1B購02,TW22Z0688780,2022/03/22,上市,,RWBCCA
068956　A50正2永豐1B購01,TW22Z0689564,2022/03/23,上市,,RWBCCA
069132　台灣50凱基21購01,TW22Z0691321,2022/03/24,上市,,RWBCCA
069133　T50正2凱基23購01,TW22Z0691339,2022/03/24,上市,,RWBCCA
069174　T50反1元富1C購02,TW22Z0691743,2022/03/24,上市,,RWBCCA
069175　滬深2X元富23購01,TW22Z0691750,2022/03/24,上市,,RWBCCA
069176　A50正2元富23購01,TW22Z0691768,2022/03/24,上市,,RWBCCA
069295　台灣50凱基1B購04,TW22Z0692956,2022/03/25,上市,,RWBCCA
069296　T50反1凱基21購07,TW22Z0692964,2022/03/25,上市,,RWBCCA
069327　T50反1中信21購01,TW22Z0693277,2022/03/25,上市,,RWBCCE
069347　T50反1群益21購04,TW22Z0693475,2022/03/25,上市,,RWBCCA
069531　台灣50統一23購01,TW22Z0695314,2022/03/28,上市,,RWBCCA
069547　上証2X凱基1A購02,TW22Z0695470,2022/03/28,上市,,RWBCCA
069548　滬深2X凱基1A購04,TW22Z0695488,2022/03/28,上市,,RWBCCA
069581　上証2X永豐1B購01,TW22Z0695819,2022/03/28,上市,,RWBCCA
069582　滬深2X永豐1B購02,TW22Z0695827,2022/03/28,上市,,RWBCCA
069610　滬深2X國票1A購05,TW22Z0696106,2022/03/28,上市,,RWBCCA
069611　滬深2X國票1B購02,TW22Z0696114,2022/03/28,上市,,RWBCCA
069727　T50正2國票1C購01,TW22Z0697278,2022/03/29,上市,,RWBCCA
069982　T50正2國票1B購02,TW22Z0699829,2022/03/30,上市,,RWBCCA
070051　台灣50國票1A購01,TW22Z0700510,2022/03/31,上市,,RWBCCA
070052　上証2X國票1A購02,TW22Z0700528,2022/03/31,上市,,RWBCCA
070053　滬深2X國票1B購03,TW22Z0700536,2022/03/31,上市,,RWBCCA
070054　A50正2國票1A購04,TW22Z0700544,2022/03/31,上市,,RWBCCA
070098　香港2X元大1C購01,TW22Z0700981,2022/03/31,上市,,RWBCCA
070226　上証2X凱基1A購03,TW22Z0702268,2022/04/01,上市,,RWBCCA
07022P　T50正2富邦22售03,TW22Z07022P6,2022/07/05,上市,,RWBCPE
070260　台灣50元大1B購05,TW22Z0702607,2022/04/01,上市,,RWBCCA
070261　台灣50元大21購05,TW22Z0702615,2022/04/01,上市,,RWBCCA
070262　台灣50元大23購01,TW22Z0702623,2022/04/01,上市,,RWBCCA
070263　T50反1元大23購02,TW22Z0702631,2022/04/01,上市,,RWBCCA
070264　A50正2元大1B購01,TW22Z0702649,2022/04/01,上市,,RWBCCA
070589　A50正2元大1C購01,TW22Z0705899,2022/04/07,上市,,RWBCCA
070685　滬深2X國票21購01,TW22Z0706855,2022/04/08,上市,,RWBCCA
070837　A50正2凱基1C購01,TW22Z0708372,2022/04/08,上市,,RWBCCA
070962　美指2X凱基1B購01,TW22Z0709628,2022/04/11,上市,,RWBCCA
070990　台灣50中信23購01,TW22Z0709909,2022/04/11,上市,,RWBCCE
070991　滬深2X中信1B購02,TW22Z0709917,2022/04/11,上市,,RWBCCE
070992　滬深2X中信1C購01,TW22Z0709925,2022/04/11,上市,,RWBCCE
071108　元金2X國票1B購01,TW22Z0711087,2022/04/12,上市,,RWBCCA
071174　滬深2X凱基21購02,TW22Z0711749,2022/04/12,上市,,RWBCCA
071407　台灣50凱基1B購06,TW22Z0714073,2022/04/13,上市,,RWBCCA
071408　台灣50凱基1B購07,TW22Z0714081,2022/04/13,上市,,RWBCCA
071409　台灣50凱基1B購08,TW22Z0714099,2022/04/13,上市,,RWBCCA
071410　臺指2X凱基21購02,TW22Z0714107,2022/04/13,上市,,RWBCCA
07144P　T50正2永豐21售02,TW22Z07144P8,2022/07/11,上市,,RWBCPE
07145P　T50正2永豐21售03,TW22Z07145P5,2022/07/11,上市,,RWBCPE
07146P　T50正2永豐21售04,TW22Z07146P3,2022/07/11,上市,,RWBCPE
071571　T50正2元大24購01,TW22Z0715716,2022/04/14,上市,,RWBCCA
071574　元金2X元大1C購01,TW22Z0715740,2022/04/14,上市,,RWBCCA
07165P　T50反1元富21售02,TW22Z07165P3,2022/07/11,上市,,RWBCPE
071768　T50反1國票21購02,TW22Z0717688,2022/04/15,上市,,RWBCCA
071769　T50反1國票22購02,TW22Z0717696,2022/04/15,上市,,RWBCCA
071770　T50反1國票23購01,TW22Z0717704,2022/04/15,上市,,RWBCCA
071771　T50反1國票24購01,TW22Z0717712,2022/04/15,上市,,RWBCCA
071772　T50反1國票27購01,TW22Z0717720,2022/04/15,上市,,RWBCCA
071823　上証2X富邦1C購01,TW22Z0718231,2022/04/15,上市,,RWBCCA
071824　滬深2X富邦1C購01,TW22Z0718249,2022/04/15,上市,,RWBCCA
071830　T50反1元大1B購02,TW22Z0718306,2022/04/15,上市,,RWBCCA
071831　T50反1元大1C購04,TW22Z0718314,2022/04/15,上市,,RWBCCA
071832　T50反1元大24購01,TW22Z0718322,2022/04/15,上市,,RWBCCA
071835　元金2X元大1C購02,TW22Z0718355,2022/04/15,上市,,RWBCCA
071836　台灣5G元大1B購01,TW22Z0718363,2022/04/15,上市,,RWBCCA
071837　台灣5G元大1C購01,TW22Z0718371,2022/04/15,上市,,RWBCCA
071838　台灣5G元大23購01,TW22Z0718389,2022/04/15,上市,,RWBCCA
071929　A50正2凱基21購01,TW22Z0719296,2022/04/18,上市,,RWBCCA
071930　A50正2凱基24購01,TW22Z0719304,2022/04/18,上市,,RWBCCA
071988　滬深2X統一1C購01,TW22Z0719882,2022/04/18,上市,,RWBCCA
072069　T50正2國票1B購04,TW22Z0720690,2022/04/19,上市,,RWBCCA
072112　T50正2元大1C購04,TW22Z0721128,2022/04/19,上市,,RWBCCA
072175　T50反1凱基22購01,TW22Z0721755,2022/04/19,上市,,RWBCCA
072176　T50反1凱基24購01,TW22Z0721763,2022/04/19,上市,,RWBCCA
072177　T50反1凱基24購02,TW22Z0721771,2022/04/19,上市,,RWBCCA
07217P　T50正2元大23售06,TW22Z07217P2,2022/07/12,上市,,RWBCPE
072217　T50正2富邦1C購02,TW22Z0722175,2022/04/19,上市,,RWBCCA
07228P　T50反1國泰23售03,TW22Z07228P9,2022/07/13,上市,,RWBCPE
072318　台灣50凱基1B購09,TW22Z0723181,2022/04/20,上市,,RWBCCA
072319　台灣50凱基1C購03,TW22Z0723199,2022/04/20,上市,,RWBCCA
072320　台灣50凱基21購02,TW22Z0723207,2022/04/20,上市,,RWBCCA
072497　元金2X富邦22購01,TW22Z0724973,2022/04/21,上市,,RWBCCA
072536　台灣50元大1C購04,TW22Z0725368,2022/04/21,上市,,RWBCCA
072537　台灣50元大1C購06,TW22Z0725376,2022/04/21,上市,,RWBCCA
072641　T50正2元大1B購01,TW22Z0726416,2022/04/22,上市,,RWBCCA
072754　元金2X群益1C購02,TW22Z0727547,2022/04/25,上市,,RWBCCA
072890　台灣50富邦22購01,TW22Z0728909,2022/04/25,上市,,RWBCCA
073002　T50正2元大24購02,TW22Z0730020,2022/04/26,上市,,RWBCCA
073099　T50反1兆豐24購01,TW22Z0730996,2022/04/27,上市,,RWBCCA
073132　滬深2X凱基1A購08,TW22Z0731325,2022/04/27,上市,,RWBCCA
073268　台灣50凱基1A購13,TW22Z0732687,2022/04/28,上市,,RWBCCA
073269　台灣50凱基21購03,TW22Z0732695,2022/04/28,上市,,RWBCCA
073303　台灣50麥證1C購01,TW22Z0733032,2022/04/28,上市,,RWBCCE
073310　滬深2X元大1B購07,TW22Z0733107,2022/04/28,上市,,RWBCCA
073311　滬深2X元大23購01,TW22Z0733115,2022/04/28,上市,,RWBCCA
073390　滬深2X統一1B購01,TW22Z0733909,2022/04/29,上市,,RWBCCA
073423　滬深2X元富1A購02,TW22Z0734238,2022/04/29,上市,,RWBCCA
073424　A50正2元富1A購03,TW22Z0734246,2022/04/29,上市,,RWBCCA
073437　滬深2X國泰1C購01,TW22Z0734378,2022/04/29,上市,,RWBCCA
073441　上証2X元大1A購02,TW22Z0734410,2022/04/29,上市,,RWBCCA
073442　滬深2X元大1A購04,TW22Z0734428,2022/04/29,上市,,RWBCCA
073443　A50正2元大1A購01,TW22Z0734436,2022/04/29,上市,,RWBCCA
073492　台灣50凱基1C購04,TW22Z0734923,2022/04/29,上市,,RWBCCA
073493　台灣50凱基23購01,TW22Z0734931,2022/04/29,上市,,RWBCCA
073494　T50反1凱基23購01,TW22Z0734949,2022/04/29,上市,,RWBCCA
073495　T50反1凱基24購03,TW22Z0734956,2022/04/29,上市,,RWBCCA
073496　滬深2X凱基23購01,TW22Z0734964,2022/04/29,上市,,RWBCCA
073497　滬深2X凱基23購02,TW22Z0734972,2022/04/29,上市,,RWBCCA
073550　T50反1國泰21購01,TW22Z0735508,2022/05/03,上市,,RWBCCA
073559　台灣50群益1B購03,TW22Z0735599,2022/05/03,上市,,RWBCCA
073573　T50反1元富1B購03,TW22Z0735730,2022/05/03,上市,,RWBCCA
073648　台灣50台新21購01,TW22Z0736480,2022/05/03,上市,,RWBCCE
073650　T50反1元大25購01,TW22Z0736506,2022/05/03,上市,,RWBCCA
073651　T50反1元大25購02,TW22Z0736514,2022/05/03,上市,,RWBCCA
073652　滬深2X元大1B購08,TW22Z0736522,2022/05/03,上市,,RWBCCA
073686　台灣50富邦1B購01,TW22Z0736860,2022/05/03,上市,,RWBCCA
073696　滬深2X群益1B購01,TW22Z0736969,2022/05/04,上市,,RWBCCA
073711　T50正2中信21購02,TW22Z0737116,2022/05/04,上市,,RWBCCE
073715　滬深2X國票1C購01,TW22Z0737157,2022/05/04,上市,,RWBCCA
073737　T50正2富邦1C購03,TW22Z0737371,2022/05/04,上市,,RWBCCA
073894　台灣50國票1B購04,TW22Z0738940,2022/05/05,上市,,RWBCCA
073895　台灣50國票22購01,TW22Z0738957,2022/05/05,上市,,RWBCCA
073896　台灣50國票25購01,TW22Z0738965,2022/05/05,上市,,RWBCCA
074040　台灣50國票1C購02,TW22Z0740409,2022/05/06,上市,,RWBCCA
074041　台灣50國票24購01,TW22Z0740417,2022/05/06,上市,,RWBCCA
074091　台灣50永豐1B購04,TW22Z0740912,2022/05/06,上市,,RWBCCA
074114　台灣50元富1B購01,TW22Z0741142,2022/05/06,上市,,RWBCCA
074120　台灣50元大24購02,TW22Z0741209,2022/05/06,上市,,RWBCCA
074121　台灣50元大24購03,TW22Z0741217,2022/05/06,上市,,RWBCCA
074122　台灣50元大25購02,TW22Z0741225,2022/05/06,上市,,RWBCCA
074123　台灣50元大25購03,TW22Z0741233,2022/05/06,上市,,RWBCCA
074124　台灣50元大25購04,TW22Z0741241,2022/05/06,上市,,RWBCCA
074125　滬深2X元大1C購01,TW22Z0741258,2022/05/06,上市,,RWBCCA
074202　台灣50凱基23購02,TW22Z0742025,2022/05/09,上市,,RWBCCA
074203　台灣50凱基23購03,TW22Z0742033,2022/05/09,上市,,RWBCCA
074204　台灣50凱基24購01,TW22Z0742041,2022/05/09,上市,,RWBCCA
074205　滬深2X凱基1C購02,TW22Z0742058,2022/05/09,上市,,RWBCCA
074206　香港2X凱基1B購03,TW22Z0742066,2022/05/09,上市,,RWBCCA
074237　T50正2群益1B購03,TW22Z0742371,2022/05/09,上市,,RWBCCA
074238　台灣5G群益21購01,TW22Z0742389,2022/05/09,上市,,RWBCCA
074250　T50正2元大25購01,TW22Z0742504,2022/05/09,上市,,RWBCCA
074308　T50正2國票1B購06,TW22Z0743080,2022/05/09,上市,,RWBCCA
074593　台灣50中信1C購01,TW22Z0745937,2022/05/12,上市,,RWBCCE
074594　T50反1中信25購01,TW22Z0745945,2022/05/12,上市,,RWBCCE
074614　台灣50台新1B購02,TW22Z0746141,2022/05/12,上市,,RWBCCE
074615　T50正2凱基23購02,TW22Z0746158,2022/05/12,上市,,RWBCCA
074638　台灣50群益1B購04,TW22Z0746380,2022/05/12,上市,,RWBCCA
074639　台灣50群益1B購05,TW22Z0746398,2022/05/12,上市,,RWBCCA
074640　台灣50群益1B購06,TW22Z0746406,2022/05/12,上市,,RWBCCA
074711　元金2X元大1B購01,TW22Z0747115,2022/05/12,上市,,RWBCCA
074745　滬深2X群益1B購02,TW22Z0747453,2022/05/13,上市,,RWBCCA
074760　T50正2永豐1B購01,TW22Z0747602,2022/05/13,上市,,RWBCCA
074785　台灣50凱基23購04,TW22Z0747859,2022/05/13,上市,,RWBCCA
074786　滬深2X凱基1B購05,TW22Z0747867,2022/05/13,上市,,RWBCCA
074816　T50反1元大24購02,TW22Z0748162,2022/05/13,上市,,RWBCCA
074817　T50反1元大25購04,TW22Z0748170,2022/05/13,上市,,RWBCCA
074858　滬深2X國票1C購02,TW22Z0748584,2022/05/13,上市,,RWBCCA
074875　T50正2富邦21購01,TW22Z0748758,2022/05/13,上市,,RWBCCA
074881　元金2X國票21購01,TW22Z0748816,2022/05/16,上市,,RWBCCA
07489P　T50反1元富21售04,TW22Z07489P7,2022/07/22,上市,,RWBCPE
074916　台灣5G凱基23購01,TW22Z0749160,2022/05/16,上市,,RWBCCA
075020　T50反1中信25購02,TW22Z0750200,2022/05/17,上市,,RWBCCE
075021　元金2X中信22購01,TW22Z0750218,2022/05/17,上市,,RWBCCE
075048　滬深2X統一1B購02,TW22Z0750481,2022/05/17,上市,,RWBCCA
075073　台灣50國泰21購01,TW22Z0750739,2022/05/17,上市,,RWBCCA
075146　T50正2國票1C購02,TW22Z0751463,2022/05/18,上市,,RWBCCA
075157　台灣50永豐1B購06,TW22Z0751570,2022/05/18,上市,,RWBCCA
075190　上証2X元大1C購01,TW22Z0751901,2022/05/18,上市,,RWBCCA
075191　滬深2X元大1B購09,TW22Z0751919,2022/05/18,上市,,RWBCCA
075243　台灣50元富1B購04,TW22Z0752438,2022/05/18,上市,,RWBCCA
075271　T50反1國泰21購02,TW22Z0752719,2022/05/18,上市,,RWBCCA
075394　元金2X群益1B購02,TW22Z0753949,2022/05/19,上市,,RWBCCA
075479　元金2X凱基23購01,TW22Z0754798,2022/05/20,上市,,RWBCCA
075498　台灣50國票1C購03,TW22Z0754988,2022/05/20,上市,,RWBCCA
075499　台灣50國票1C購04,TW22Z0754996,2022/05/20,上市,,RWBCCA
075523　T50正2元大23購02,TW22Z0755233,2022/05/20,上市,,RWBCCA
075631　A50正2元大22購01,TW22Z0756314,2022/05/23,上市,,RWBCCA
075659　T50反1元富1B購04,TW22Z0756595,2022/05/23,上市,,RWBCCA
075660　T50反1元富22購02,TW22Z0756603,2022/05/23,上市,,RWBCCA
075676　滬深2X富邦22購01,TW22Z0756769,2022/05/23,上市,,RWBCCA
075692　T50反1群益22購01,TW22Z0756926,2022/05/24,上市,,RWBCCA
075693　上証2X群益1B購01,TW22Z0756934,2022/05/24,上市,,RWBCCA
075694　滬深2X群益1B購03,TW22Z0756942,2022/05/24,上市,,RWBCCA
075703　T50反1第一28購02,TW22Z0757031,2022/05/24,上市,,RWBCCA
075750　台灣50國票23購01,TW22Z0757502,2022/05/24,上市,,RWBCCA
075759　台灣50元大1B購09,TW22Z0757593,2022/05/24,上市,,RWBCCA
075760　台灣50元大1B購10,TW22Z0757601,2022/05/24,上市,,RWBCCA
075761　台灣50元大1B購11,TW22Z0757619,2022/05/24,上市,,RWBCCA
075762　台灣50元大1C購09,TW22Z0757627,2022/05/24,上市,,RWBCCA
075763　台灣50元大1C購10,TW22Z0757635,2022/05/24,上市,,RWBCCA
075764　台灣50元大1C購11,TW22Z0757643,2022/05/24,上市,,RWBCCA
075795　台灣50麥證21購02,TW22Z0757957,2022/05/24,上市,,RWBCCE
075812　T50正2永豐1B購02,TW22Z0758120,2022/05/25,上市,,RWBCCA
075822　台灣50群益1B購10,TW22Z0758229,2022/05/25,上市,,RWBCCA
075834　臺指2X國票21購01,TW22Z0758344,2022/05/25,上市,,RWBCCA
075854　T50反1凱基25購01,TW22Z0758542,2022/05/25,上市,,RWBCCA
075874　台灣50統一1C購02,TW22Z0758740,2022/05/25,上市,,RWBCCA
075875　T50正2統一23購01,TW22Z0758757,2022/05/25,上市,,RWBCCA
075888　T50反1兆豐25購01,TW22Z0758880,2022/05/25,上市,,RWBCCA
075898　T50反1元大25購05,TW22Z0758989,2022/05/25,上市,,RWBCCA
075899　T50反1元大25購06,TW22Z0758997,2022/05/25,上市,,RWBCCA
075934　T50反1富邦25購02,TW22Z0759342,2022/05/25,上市,,RWBCCA
075941　台灣50永豐1B購08,TW22Z0759417,2022/05/26,上市,,RWBCCA
075951　T50正2凱基24購01,TW22Z0759516,2022/05/26,上市,,RWBCCA
075952　T50正2凱基25購02,TW22Z0759524,2022/05/26,上市,,RWBCCA
076032　T50反1國泰21購03,TW22Z0760324,2022/05/26,上市,,RWBCCA
076037　T50反1中信23購01,TW22Z0760373,2022/05/27,上市,,RWBCCE
076038　T50反1中信23購02,TW22Z0760381,2022/05/27,上市,,RWBCCE
076063　台灣50統一1C購03,TW22Z0760639,2022/05/27,上市,,RWBCCA
076085　元日2X元富1B購01,TW22Z0760852,2022/05/27,上市,,RWBCCA
076086　元日2X元富23購01,TW22Z0760860,2022/05/27,上市,,RWBCCA
076087　元日2X元富25購01,TW22Z0760878,2022/05/27,上市,,RWBCCA
076101　A50正2富邦21購01,TW22Z0761017,2022/05/27,上市,,RWBCCA
076163　台灣50中信1C購03,TW22Z0761637,2022/05/30,上市,,RWBCCE
076221　元日2X元富1B購02,TW22Z0762213,2022/05/30,上市,,RWBCCA
076241　滬深2X永豐1B購03,TW22Z0762411,2022/05/31,上市,,RWBCCA
076247　台灣50群益1C購01,TW22Z0762478,2022/05/31,上市,,RWBCCA
076257　台灣50台新1B購03,TW22Z0762577,2022/05/31,上市,,RWBCCE
076315　滬深2X國票1C購03,TW22Z0763153,2022/05/31,上市,,RWBCCA
076326　台灣50富邦23購01,TW22Z0763260,2022/05/31,上市,,RWBCCA
076378　滬深2X國泰21購01,TW22Z0763781,2022/06/01,上市,,RWBCCA
076458　台灣50永豐1C購02,TW22Z0764581,2022/06/02,上市,,RWBCCA
076648　T50正2群益1C購01,TW22Z0766487,2022/06/07,上市,,RWBCCA
076714　臺指2X國票22購02,TW22Z0767147,2022/06/07,上市,,RWBCCA
076730　T50正2元大24購03,TW22Z0767303,2022/06/07,上市,,RWBCCA
076731　T50反1元大27購01,TW22Z0767311,2022/06/07,上市,,RWBCCA
076732　T50反1元大28購01,TW22Z0767329,2022/06/07,上市,,RWBCCA
076733　滬深2X元大1C購02,TW22Z0767337,2022/06/07,上市,,RWBCCA
076734　滬深2X元大26購01,TW22Z0767345,2022/06/07,上市,,RWBCCA
076935　台灣50麥證1C購02,TW22Z0769358,2022/06/09,上市,,RWBCCE
076936　台灣50麥證23購02,TW22Z0769366,2022/06/09,上市,,RWBCCE
076940　T50正2凱基26購02,TW22Z0769408,2022/06/09,上市,,RWBCCA
076941　上証2X凱基22購01,TW22Z0769416,2022/06/09,上市,,RWBCCA
076942　滬深2X凱基21購03,TW22Z0769424,2022/06/09,上市,,RWBCCA
076943　元金2X凱基26購01,TW22Z0769432,2022/06/09,上市,,RWBCCA
076972　上証2X元大22購01,TW22Z0769721,2022/06/09,上市,,RWBCCA
076973　A50正2元大1C購02,TW22Z0769739,2022/06/09,上市,,RWBCCA
076997　T50反1元富23購01,TW22Z0769978,2022/06/09,上市,,RWBCCA
077156　滬深2X中信21購01,TW22Z0771560,2022/06/13,上市,,RWBCCE
077161　滬深2X群益1C購01,TW22Z0771610,2022/06/13,上市,,RWBCCA
077162　元日2X群益24購01,TW22Z0771628,2022/06/13,上市,,RWBCCA
077174　滬深2X統一22購01,TW22Z0771743,2022/06/13,上市,,RWBCCA
077213　T50反1凱基26購01,TW22Z0772139,2022/06/13,上市,,RWBCCA
077214　滬深2X凱基21購04,TW22Z0772147,2022/06/13,上市,,RWBCCA
077240　香港2X元大1C購02,TW22Z0772402,2022/06/13,上市,,RWBCCA
077241　香港2X元大23購01,TW22Z0772410,2022/06/13,上市,,RWBCCA
077270　滬深2X富邦21購01,TW22Z0772709,2022/06/13,上市,,RWBCCA
077335　元日2X元富1C購01,TW22Z0773350,2022/06/14,上市,,RWBCCA
077344　台灣50元大23購02,TW22Z0773442,2022/06/14,上市,,RWBCCA
077345　台灣50元大23購03,TW22Z0773459,2022/06/14,上市,,RWBCCA
077346　台灣50元大24購04,TW22Z0773467,2022/06/14,上市,,RWBCCA
077347　台灣50元大24購05,TW22Z0773475,2022/06/14,上市,,RWBCCA
077399　台灣50群益21購02,TW22Z0773996,2022/06/15,上市,,RWBCCA
077497　台灣50群益1C購02,TW22Z0774978,2022/06/16,上市,,RWBCCA
077546　T50反1元大23購03,TW22Z0775462,2022/06/16,上市,,RWBCCA
077547　T50反1元大24購03,TW22Z0775470,2022/06/16,上市,,RWBCCA
077581　元日2X元富1C購02,TW22Z0775819,2022/06/16,上市,,RWBCCA
077627　滬深2X凱基26購01,TW22Z0776270,2022/06/17,上市,,RWBCCA
077679　滬深2X元大1C購03,TW22Z0776791,2022/06/17,上市,,RWBCCA
077680　滬深2X元大22購01,TW22Z0776809,2022/06/17,上市,,RWBCCA
077727　T50反1第一2A購01,TW22Z0777278,2022/06/20,上市,,RWBCCA
077729　滬深2X凱基1C購03,TW22Z0777294,2022/06/20,上市,,RWBCCA
077730　滬深2X凱基1C購04,TW22Z0777302,2022/06/20,上市,,RWBCCA
077757　滬深2X國票23購01,TW22Z0777575,2022/06/20,上市,,RWBCCA
077828　上証2X群益1C購02,TW22Z0778284,2022/06/21,上市,,RWBCCA
077838　台灣50凱基24購07,TW22Z0778383,2022/06/21,上市,,RWBCCA
077839　台灣50凱基26購02,TW22Z0778391,2022/06/21,上市,,RWBCCA
077840　台灣50凱基26購03,TW22Z0778409,2022/06/21,上市,,RWBCCA
077919　台灣50富邦24購01,TW22Z0779191,2022/06/21,上市,,RWBCCA
077920　上証2X富邦22購01,TW22Z0779209,2022/06/21,上市,,RWBCCA
077921　滬深2X富邦22購02,TW22Z0779217,2022/06/21,上市,,RWBCCA
077925　A50正2元大1C購03,TW22Z0779258,2022/06/21,上市,,RWBCCA
077926　A50正2元大1C購04,TW22Z0779266,2022/06/21,上市,,RWBCCA
078011　T50正2國票21購03,TW22Z0780116,2022/06/22,上市,,RWBCCA
078012　T50正2國票21購04,TW22Z0780124,2022/06/22,上市,,RWBCCA
078013　T50正2國票21購05,TW22Z0780132,2022/06/22,上市,,RWBCCA
078014　T50正2國票22購02,TW22Z0780140,2022/06/22,上市,,RWBCCA
078015　T50正2國票22購03,TW22Z0780157,2022/06/22,上市,,RWBCCA
078016　T50正2國票23購02,TW22Z0780165,2022/06/22,上市,,RWBCCA
078017　元日2X國票22購01,TW22Z0780173,2022/06/22,上市,,RWBCCA
078054　T50反1群益26購01,TW22Z0780546,2022/06/22,上市,,RWBCCA
078055　T50反1群益28購01,TW22Z0780553,2022/06/22,上市,,RWBCCA
078097　台灣50永豐1C購04,TW22Z0780975,2022/06/23,上市,,RWBCCA
078098　T50正2永豐1C購02,TW22Z0780983,2022/06/23,上市,,RWBCCA
078159　台灣5G國票21購01,TW22Z0781593,2022/06/23,上市,,RWBCCA
078215　A50正2群益21購01,TW22Z0782153,2022/06/24,上市,,RWBCCA
078230　滬深2X凱基26購02,TW22Z0782302,2022/06/24,上市,,RWBCCA
078252　T50正2國泰22購02,TW22Z0782526,2022/06/24,上市,,RWBCCA
078255　滬深2X統一1C購02,TW22Z0782559,2022/06/24,上市,,RWBCCA
078264　T50反1兆豐26購01,TW22Z0782641,2022/06/24,上市,,RWBCCA
078274　台灣50台新1C購02,TW22Z0782740,2022/06/24,上市,,RWBCCE
078398　台灣50台新1C購03,TW22Z0783987,2022/06/27,上市,,RWBCCE
078426　T50正2元大23購04,TW22Z0784266,2022/06/27,上市,,RWBCCA
078427　T50正2元大24購05,TW22Z0784274,2022/06/27,上市,,RWBCCA
078428　上証2X元大1C購02,TW22Z0784282,2022/06/27,上市,,RWBCCA
078429　滬深2X元大23購02,TW22Z0784290,2022/06/27,上市,,RWBCCA
078430　A50正2元大23購01,TW22Z0784308,2022/06/27,上市,,RWBCCA
078431　臺指2X元大23購01,TW22Z0784316,2022/06/27,上市,,RWBCCA
078467　台灣50麥證25購01,TW22Z0784670,2022/06/27,上市,,RWBCCE
078488　T50正2永豐1C購03,TW22Z0784886,2022/06/28,上市,,RWBCCA
078525　T50正2群益1C購03,TW22Z0785255,2022/06/28,上市,,RWBCCA
078526　T50反1群益28購02,TW22Z0785263,2022/06/28,上市,,RWBCCA
078636　上証2X永豐1C購01,TW22Z0786360,2022/06/29,上市,,RWBCCA
078637　滬深2X永豐1C購01,TW22Z0786378,2022/06/29,上市,,RWBCCA
078648　台灣50群益1C購04,TW22Z0786485,2022/06/29,上市,,RWBCCA
078649　台灣50群益1C購05,TW22Z0786493,2022/06/29,上市,,RWBCCA
078650　台灣50群益1C購06,TW22Z0786501,2022/06/29,上市,,RWBCCA
078651　元日2X群益23購01,TW22Z0786519,2022/06/29,上市,,RWBCCA
078683　滬深2X凱基1C購05,TW22Z0786832,2022/06/29,上市,,RWBCCA
078727　T50反1元大26購01,TW22Z0787277,2022/06/29,上市,,RWBCCA
078728　上証2X元大23購01,TW22Z0787285,2022/06/29,上市,,RWBCCA
078771　滬深2X國票23購02,TW22Z0787715,2022/06/29,上市,,RWBCCA
078787　滬深2X群益1C購04,TW22Z0787871,2022/06/30,上市,,RWBCCA
078788　滬深2X群益21購01,TW22Z0787889,2022/06/30,上市,,RWBCCA
078800　台灣50永豐1C購06,TW22Z0788002,2022/06/30,上市,,RWBCCA
078829　滬深2X凱基23購03,TW22Z0788291,2022/06/30,上市,,RWBCCA
078830　香港2X凱基23購01,TW22Z0788309,2022/06/30,上市,,RWBCCA
078878　滬深2X富邦23購01,TW22Z0788788,2022/06/30,上市,,RWBCCA
078926　滬深2X國票23購03,TW22Z0789265,2022/07/01,上市,,RWBCCA
078938　T50正2統一23購02,TW22Z0789380,2022/07/01,上市,,RWBCCA
078949　T50反1國泰23購01,TW22Z0789497,2022/07/01,上市,,RWBCCA
078950　滬深2X群益23購01,TW22Z0789505,2022/07/01,上市,,RWBCCA
078962　台灣50凱基23購05,TW22Z0789620,2022/07/01,上市,,RWBCCA
078963　台灣50凱基25購05,TW22Z0789638,2022/07/01,上市,,RWBCCA
078964　台灣50凱基25購06,TW22Z0789646,2022/07/01,上市,,RWBCCA
078965　台灣50凱基31購01,TW22Z0789653,2022/07/01,上市,,RWBCCA
078991　上証2X元大21購01,TW22Z0789919,2022/07/01,上市,,RWBCCA
078992　滬深2X元大25購01,TW22Z0789927,2022/07/01,上市,,RWBCCA
079049　台灣50國票22購03,TW22Z0790495,2022/07/04,上市,,RWBCCA
079092　T50正2凱基24購02,TW22Z0790925,2022/07/04,上市,,RWBCCA
079093　T50正2凱基25購04,TW22Z0790933,2022/07/04,上市,,RWBCCA
079094　T50正2凱基27購01,TW22Z0790941,2022/07/04,上市,,RWBCCA
079172　台灣50富邦25購01,TW22Z0791725,2022/07/04,上市,,RWBCCA
079173　滬深2X富邦23購02,TW22Z0791733,2022/07/04,上市,,RWBCCA
079193　T50正2永豐21購01,TW22Z0791931,2022/07/05,上市,,RWBCCA
079221　台灣50台新21購02,TW22Z0792210,2022/07/05,上市,,RWBCCE
079260　T50反1凱基25購02,TW22Z0792608,2022/07/05,上市,,RWBCCA
079261　T50反1凱基27購01,TW22Z0792616,2022/07/05,上市,,RWBCCA
079322　T50反1元大26購02,TW22Z0793226,2022/07/05,上市,,RWBCCA
079323　T50反1元大26購03,TW22Z0793234,2022/07/05,上市,,RWBCCA
079324　T50反1元大27購02,TW22Z0793242,2022/07/05,上市,,RWBCCA
079360　T50正2富邦22購02,TW22Z0793606,2022/07/05,上市,,RWBCCA
079361　T50正2富邦23購02,TW22Z0793614,2022/07/05,上市,,RWBCCA
079362　T50反1富邦27購01,TW22Z0793622,2022/07/05,上市,,RWBCCA
079363　上証2X富邦24購01,TW22Z0793630,2022/07/05,上市,,RWBCCA
079364　滬深2X富邦24購01,TW22Z0793648,2022/07/05,上市,,RWBCCA
079375　T50正2群益21購02,TW22Z0793754,2022/07/06,上市,,RWBCCA
079376　滬深2X群益22購01,TW22Z0793762,2022/07/06,上市,,RWBCCA
079404　台灣50國票21購02,TW22Z0794042,2022/07/06,上市,,RWBCCA
079405　T50正2國票21購06,TW22Z0794059,2022/07/06,上市,,RWBCCA
079406　T50正2國票22購04,TW22Z0794067,2022/07/06,上市,,RWBCCA
079407　T50反1國票21購03,TW22Z0794075,2022/07/06,上市,,RWBCCA
079408　T50反1國票22購03,TW22Z0794083,2022/07/06,上市,,RWBCCA
079409　T50反1國票23購02,TW22Z0794091,2022/07/06,上市,,RWBCCA
079578　台灣50永豐21購03,TW22Z0795783,2022/07/06,上市,,RWBCCA
079579　滬深2X永豐21購01,TW22Z0795791,2022/07/06,上市,,RWBCCA
079580　臺指2X永豐21購01,TW22Z0795809,2022/07/06,上市,,RWBCCA
079644　T50反1凱基25購03,TW22Z0796443,2022/07/07,上市,,RWBCCA
079645　上証2X凱基21購01,TW22Z0796450,2022/07/07,上市,,RWBCCA
079672　台灣50群益21購06,TW22Z0796724,2022/07/07,上市,,RWBCCA
079673　台灣50群益21購07,TW22Z0796732,2022/07/07,上市,,RWBCCA
079674　台灣50群益22購01,TW22Z0796740,2022/07/07,上市,,RWBCCA
079675　T50正2群益21購03,TW22Z0796757,2022/07/07,上市,,RWBCCA
079676　T50反1群益29購01,TW22Z0796765,2022/07/07,上市,,RWBCCA
079677　滬深2X群益21購03,TW22Z0796773,2022/07/07,上市,,RWBCCA
079678　元金2X群益23購01,TW22Z0796781,2022/07/07,上市,,RWBCCA
079710　台灣50麥證26購01,TW22Z0797102,2022/07/07,上市,,RWBCCE
079720　T50正2國票21購07,TW22Z0797201,2022/07/07,上市,,RWBCCA
079721　滬深2X國票24購01,TW22Z0797219,2022/07/07,上市,,RWBCCA
079726　台灣50元富21購02,TW22Z0797268,2022/07/07,上市,,RWBCCA
079733　台灣50元大21購07,TW22Z0797334,2022/07/07,上市,,RWBCCA
079734　台灣50元大21購08,TW22Z0797342,2022/07/07,上市,,RWBCCA
079735　台灣50元大21購09,TW22Z0797359,2022/07/07,上市,,RWBCCA
079736　台灣50元大23購07,TW22Z0797367,2022/07/07,上市,,RWBCCA
079737　台灣50元大23購08,TW22Z0797375,2022/07/07,上市,,RWBCCA
079738　台灣50元大23購09,TW22Z0797383,2022/07/07,上市,,RWBCCA
079739　上証2X元大23購02,TW22Z0797391,2022/07/07,上市,,RWBCCA
079740　滬深2X元大23購04,TW22Z0797409,2022/07/07,上市,,RWBCCA
079787　台灣50中信23購05,TW22Z0797870,2022/07/08,上市,,RWBCCE
079788　臺指2X中信23購01,TW22Z0797888,2022/07/08,上市,,RWBCCE
079800　台灣50永豐21購04,TW22Z0798001,2022/07/08,上市,,RWBCCA
079845　台灣50國泰23購01,TW22Z0798456,2022/07/08,上市,,RWBCCA
079846　T50反1國泰23購02,TW22Z0798464,2022/07/08,上市,,RWBCCA
079852　台灣50凱基23購07,TW22Z0798522,2022/07/08,上市,,RWBCCA
079853　台灣50凱基24購08,TW22Z0798530,2022/07/08,上市,,RWBCCA
079854　台灣50凱基25購07,TW22Z0798548,2022/07/08,上市,,RWBCCA
079855　台灣50凱基27購01,TW22Z0798555,2022/07/08,上市,,RWBCCA
079857　T50正2凱基25購05,TW22Z0798571,2022/07/08,上市,,RWBCCA
079858　滬深2X凱基21購06,TW22Z0798589,2022/07/08,上市,,RWBCCA
079859　滬深2X凱基21購07,TW22Z0798597,2022/07/08,上市,,RWBCCA
079884　滬深2X元大23購05,TW22Z0798845,2022/07/08,上市,,RWBCCA
079885　台灣5G元大21購01,TW22Z0798852,2022/07/08,上市,,RWBCCA
079886　台灣5G元大23購02,TW22Z0798860,2022/07/08,上市,,RWBCCA
079943　道瓊2X中信24購01,TW22Z0799439,2022/07/11,上市,,RWBCCE
079947　T50正2永豐21購05,TW22Z0799470,2022/07/11,上市,,RWBCCA
079948　T50反1永豐22購01,TW22Z0799488,2022/07/11,上市,,RWBCCA
079955　上証2X群益22購01,TW22Z0799553,2022/07/11,上市,,RWBCCA
080030　T50反1元富21購01,TW22Z0800302,2022/07/11,上市,,RWBCCA
080069　T50正2國泰23購01,TW22Z0800690,2022/07/11,上市,,RWBCCA
080140　台灣50統一23購02,TW22Z0801409,2022/07/12,上市,,RWBCCA
080221　上証2X富邦21購01,TW22Z0802217,2022/07/12,上市,,RWBCCA
080223　T50正2元大21購02,TW22Z0802233,2022/07/12,上市,,RWBCCA
080224　T50正2元大23購05,TW22Z0802241,2022/07/12,上市,,RWBCCA
080225　T50反1元大23購04,TW22Z0802258,2022/07/12,上市,,RWBCCA
080226　T50反1元大24購04,TW22Z0802266,2022/07/12,上市,,RWBCCA
080227　T50反1元大25購07,TW22Z0802274,2022/07/12,上市,,RWBCCA
080419　滬深2X群益21購04,TW22Z0804197,2022/07/14,上市,,RWBCCA
080436　台灣50永豐21購06,TW22Z0804361,2022/07/14,上市,,RWBCCA
080437　滬深2X永豐21購02,TW22Z0804379,2022/07/14,上市,,RWBCCA
080449　台灣50國票23購03,TW22Z0804494,2022/07/14,上市,,RWBCCA
080450　T50反1國票21購04,TW22Z0804502,2022/07/14,上市,,RWBCCA
080451　T50反1國票23購03,TW22Z0804510,2022/07/14,上市,,RWBCCA
080461　上証2X凱基23購01,TW22Z0804619,2022/07/14,上市,,RWBCCA
080462　滬深2X凱基22購03,TW22Z0804627,2022/07/14,上市,,RWBCCA
080463　元金2X凱基27購01,TW22Z0804635,2022/07/14,上市,,RWBCCA
080515　台灣50麥證26購02,TW22Z0805152,2022/07/14,上市,,RWBCCE
080573　T50反1永豐23購01,TW22Z0805731,2022/07/15,上市,,RWBCCA
080613　滬深2X國泰23購01,TW22Z0806135,2022/07/15,上市,,RWBCCA
080614　滬深2X凱基21購08,TW22Z0806143,2022/07/15,上市,,RWBCCA
080615　滬深2X凱基24購01,TW22Z0806150,2022/07/15,上市,,RWBCCA
080640　元金2X元大23購01,TW22Z0806408,2022/07/15,上市,,RWBCCA
080681　台灣50富邦21購01,TW22Z0806812,2022/07/15,上市,,RWBCCA
080682　T50反1富邦24購01,TW22Z0806820,2022/07/15,上市,,RWBCCA
080683　滬深2X富邦24購02,TW22Z0806838,2022/07/15,上市,,RWBCCA
080721　台灣50凱基23購08,TW22Z0807216,2022/07/18,上市,,RWBCCA
080722　台灣50凱基25購08,TW22Z0807224,2022/07/18,上市,,RWBCCA
080723　台灣50凱基25購09,TW22Z0807232,2022/07/18,上市,,RWBCCA
080824　滬深2X群益23購02,TW22Z0808248,2022/07/19,上市,,RWBCCA
080846　台灣50國票22購05,TW22Z0808461,2022/07/19,上市,,RWBCCA
080847　滬深2X國票22購02,TW22Z0808479,2022/07/19,上市,,RWBCCA
081087　元日2X元富21購01,TW22Z0810871,2022/07/20,上市,,RWBCCA
081130　台灣50兆豐22購01,TW22Z0811309,2022/07/21,上市,,RWBCCA
081173　滬深2X元大23購07,TW22Z0811739,2022/07/21,上市,,RWBCCA
081294　T50反1永豐22購02,TW22Z0812943,2022/07/22,上市,,RWBCCA
081302　T50反1元富21購03,TW22Z0813024,2022/07/22,上市,,RWBCCA
081317　台灣50元大23購12,TW22Z0813172,2022/07/22,上市,,RWBCCA
081318　台灣50元大23購13,TW22Z0813180,2022/07/22,上市,,RWBCCA
081319　台灣50元大25購05,TW22Z0813198,2022/07/22,上市,,RWBCCA
081320　台灣50元大25購06,TW22Z0813206,2022/07/22,上市,,RWBCCA
081321　台灣50元大25購07,TW22Z0813214,2022/07/22,上市,,RWBCCA
081322　滬深2X元大24購01,TW22Z0813222,2022/07/22,上市,,RWBCCA
081367　上証2X富邦23購01,TW22Z0813677,2022/07/22,上市,,RWBCCA
081411　台灣50第一2B購01,TW22Z0814113,2022/07/25,上市,,RWBCCA
081431　台灣50凱基21購04,TW22Z0814311,2022/07/25,上市,,RWBCCA
081432　台灣50凱基24購09,TW22Z0814329,2022/07/25,上市,,RWBCCA
081433　上証2X凱基22購02,TW22Z0814337,2022/07/25,上市,,RWBCCA
081570　台灣50凱基21購05,TW22Z0815706,2022/07/26,上市,,RWBCCA
081571　台灣50凱基27購02,TW22Z0815714,2022/07/26,上市,,RWBCCA
081572　滬深2X凱基27購01,TW22Z0815722,2022/07/26,上市,,RWBCCA
081685　元金2X凱基25購01,TW22Z0816852,2022/07/27,上市,,RWBCCA
081739　滬深2X元大27購01,TW22Z0817397,2022/07/27,上市,,RWBCCA
081783　香港2X群益23購01,TW22Z0817835,2022/07/28,上市,,RWBCCA
081811　台灣50麥證26購03,TW22Z0818114,2022/07/28,上市,,RWBCCE
081819　台灣50凱基25購13,TW22Z0818197,2022/07/28,上市,,RWBCCA
081879　滬深2X國票23購04,TW22Z0818791,2022/07/29,上市,,RWBCCA
081888　台灣50凱基25購14,TW22Z0818882,2022/07/29,上市,,RWBCCA
081889　T50反1凱基27購02,TW22Z0818890,2022/07/29,上市,,RWBCCA
081918　滬深2X元大23購08,TW22Z0819187,2022/07/29,上市,,RWBCCA
082016　滬深2X元大23購09,TW22Z0820169,2022/08/01,上市,,RWBCCA
082060　滬深2X群益23購04,TW22Z0820607,2022/08/02,上市,,RWBCCA
082064　T50反1元大29購01,TW22Z0820649,2022/08/02,上市,,RWBCCA
082065　T50反1元大2A購01,TW22Z0820656,2022/08/02,上市,,RWBCCA
082155　台灣50凱基24購10,TW22Z0821555,2022/08/03,上市,,RWBCCA
082182　滬深2X元大24購02,TW22Z0821829,2022/08/03,上市,,RWBCCA
082214　滬深2X中信25購01,TW22Z0822140,2022/08/04,上市,,RWBCCE
082225　元金2X元大26購01,TW22Z0822256,2022/08/04,上市,,RWBCCA
082285　台灣50凱基23購12,TW22Z0822850,2022/08/04,上市,,RWBCCA
082286　香港2X凱基24購01,TW22Z0822868,2022/08/04,上市,,RWBCCA
082323　上証2X富邦23購02,TW22Z0823239,2022/08/04,上市,,RWBCCA
082324　滬深2X富邦24購04,TW22Z0823247,2022/08/04,上市,,RWBCCA
082393　滬深2X永豐22購01,TW22Z0823932,2022/08/05,上市,,RWBCCA
082406　滬深2X國票24購03,TW22Z0824062,2022/08/05,上市,,RWBCCA
082470　T50反1兆豐2A購01,TW22Z0824708,2022/08/08,上市,,RWBCCA
082477　台灣50群益22購03,TW22Z0824773,2022/08/08,上市,,RWBCCA
082478　滬深2X群益23購05,TW22Z0824781,2022/08/08,上市,,RWBCCA
082507　香港2X國票23購01,TW22Z0825077,2022/08/08,上市,,RWBCCA
082558　滬深2X元富22購02,TW22Z0825580,2022/08/09,上市,,RWBCCA
082559　滬深2X元富22購03,TW22Z0825598,2022/08/09,上市,,RWBCCA
082569　滬深2X群益23購06,TW22Z0825697,2022/08/09,上市,,RWBCCA
082577　滬深2X元大23購10,TW22Z0825770,2022/08/09,上市,,RWBCCA
082578　滬深2X元大25購02,TW22Z0825788,2022/08/09,上市,,RWBCCA
082579　滬深2X元大28購01,TW22Z0825796,2022/08/09,上市,,RWBCCA
082628　香港2X國票24購01,TW22Z0826281,2022/08/09,上市,,RWBCCA
082637　滬深2X富邦23購03,TW22Z0826372,2022/08/09,上市,,RWBCCA
082668　滬深2X群益25購01,TW22Z0826687,2022/08/10,上市,,RWBCCA
082675　台灣5G元大25購01,TW22Z0826752,2022/08/10,上市,,RWBCCA
082696　台灣50國泰24購01,TW22Z0826968,2022/08/10,上市,,RWBCCA
082704　滬深2X凱基23購04,TW22Z0827040,2022/08/10,上市,,RWBCCA
082705　香港2X凱基22購01,TW22Z0827057,2022/08/10,上市,,RWBCCA
082728　滬深2X群益23購07,TW22Z0827289,2022/08/11,上市,,RWBCCA
082749　滬深2X國票23購06,TW22Z0827495,2022/08/11,上市,,RWBCCA
082757　滬深2X元大22購02,TW22Z0827578,2022/08/11,上市,,RWBCCA
082851　滬深2X凱基22購05,TW22Z0828519,2022/08/12,上市,,RWBCCA
082852　滬深2X凱基28購01,TW22Z0828527,2022/08/12,上市,,RWBCCA
082875　元金2X元大22購01,TW22Z0828758,2022/08/12,上市,,RWBCCA
082945　滬深2X元大22購03,TW22Z0829459,2022/08/15,上市,,RWBCCA
083017　滬深2X凱基23購05,TW22Z0830176,2022/08/16,上市,,RWBCCA
083018　滬深2X凱基23購06,TW22Z0830184,2022/08/16,上市,,RWBCCA
083099　T50反1國票25購01,TW22Z0830994,2022/08/16,上市,,RWBCCA
083121　香港2X群益22購01,TW22Z0831216,2022/08/16,上市,,RWBCCA
083147　滬深2X群益23購08,TW22Z0831471,2022/08/17,上市,,RWBCCA
083226　上証2X富邦23購03,TW22Z0832263,2022/08/17,上市,,RWBCCA
083227　T50反1元大28購03,TW22Z0832271,2022/08/17,上市,,RWBCCA
083343　滬深2X凱基22購06,TW22Z0833436,2022/08/18,上市,,RWBCCA
083383　滬深2X統一22購02,TW22Z0833832,2022/08/19,上市,,RWBCCA
083402　台灣50凱基22購01,TW22Z0834020,2022/08/19,上市,,RWBCCA
083403　台灣50凱基23購15,TW22Z0834038,2022/08/19,上市,,RWBCCA
083469　台灣50群益22購05,TW22Z0834699,2022/08/19,上市,,RWBCCA
083470　台灣50群益22購06,TW22Z0834707,2022/08/19,上市,,RWBCCA
083471　滬深2X群益22購02,TW22Z0834715,2022/08/19,上市,,RWBCCA
083500　台灣50第一28購03,TW22Z0835001,2022/08/22,上市,,RWBCCA
083516　滬深2X元大24購03,TW22Z0835167,2022/08/22,上市,,RWBCCA
083540　T50反1兆豐28購01,TW22Z0835407,2022/08/22,上市,,RWBCCA
083543　台灣50台新22購03,TW22Z0835431,2022/08/22,上市,,RWBCCE
08356P　T50反1元富22售04,TW22Z08356P7,2022/08/22,上市,,RWBCPE
083570　T50反1元富22購03,TW22Z0835704,2022/08/22,上市,,RWBCCA
08357P　A50正2元富22售01,TW22Z08357P5,2022/08/22,上市,,RWBCPE
083600　滬深2X群益22購03,TW22Z0836009,2022/08/23,上市,,RWBCCA
083676　滬深2X國票26購01,TW22Z0836769,2022/08/23,上市,,RWBCCA
083693　台灣50元富22購01,TW22Z0836934,2022/08/23,上市,,RWBCCA
083715　滬深2X永豐22購02,TW22Z0837155,2022/08/24,上市,,RWBCCA
083797　台灣50富邦23購03,TW22Z0837973,2022/08/24,上市,,RWBCCA
083834　滬深2X群益22購04,TW22Z0838344,2022/08/25,上市,,RWBCCA
083865　上証2X凱基26購01,TW22Z0838658,2022/08/25,上市,,RWBCCA
083938　元日2X元富23購02,TW22Z0839383,2022/08/26,上市,,RWBCCA
083958　T50反1中信23購03,TW22Z0839581,2022/08/26,上市,,RWBCCE
083959　台灣50元大23購16,TW22Z0839599,2022/08/26,上市,,RWBCCA
083960　台灣50元大23購17,TW22Z0839607,2022/08/26,上市,,RWBCCA
083961　台灣50元大23購18,TW22Z0839615,2022/08/26,上市,,RWBCCA
083962　台灣50元大23購19,TW22Z0839623,2022/08/26,上市,,RWBCCA
083963　台灣50元大24購09,TW22Z0839631,2022/08/26,上市,,RWBCCA
083964　台灣50元大24購10,TW22Z0839649,2022/08/26,上市,,RWBCCA
083965　台灣50元大24購11,TW22Z0839656,2022/08/26,上市,,RWBCCA
084037　香港2X元大25購01,TW22Z0840373,2022/08/29,上市,,RWBCCA
084055　A50正2永豐23購01,TW22Z0840555,2022/08/29,上市,,RWBCCA
084145　香港2X群益25購01,TW22Z0841454,2022/08/30,上市,,RWBCCA
084167　上証2X富邦23購04,TW22Z0841678,2022/08/30,上市,,RWBCCA
084173　A50正2群益25購01,TW22Z0841736,2022/08/31,上市,,RWBCCA
084263　台灣50凱基25購15,TW22Z0842635,2022/09/01,上市,,RWBCCA
084264　T50反1凱基28購01,TW22Z0842643,2022/09/01,上市,,RWBCCA
084265　T50反1凱基28購02,TW22Z0842650,2022/09/01,上市,,RWBCCA
084266　T50反1凱基28購03,TW22Z0842668,2022/09/01,上市,,RWBCCA
084306　A50正2元富25購01,TW22Z0843062,2022/09/01,上市,,RWBCCA
084371　台灣50台新23購01,TW22Z0843716,2022/09/02,上市,,RWBCCE
084462　滬深2X凱基24購02,TW22Z0844623,2022/09/05,上市,,RWBCCA
084486　T50反1元富23購02,TW22Z0844862,2022/09/05,上市,,RWBCCA
084487　元日2X元富29購01,TW22Z0844870,2022/09/05,上市,,RWBCCA
084493　T50反1元大28購04,TW22Z0844938,2022/09/05,上市,,RWBCCA
084494　滬深2X元大26購02,TW22Z0844946,2022/09/05,上市,,RWBCCA
084495　滬深2X元大27購02,TW22Z0844953,2022/09/05,上市,,RWBCCA
084513　滬深2X富邦24購05,TW22Z0845133,2022/09/05,上市,,RWBCCA
084643　滬深2X群益25購02,TW22Z0846438,2022/09/07,上市,,RWBCCA
084644　元日2X群益27購01,TW22Z0846446,2022/09/07,上市,,RWBCCA
084694　T50反1永豐25購01,TW22Z0846941,2022/09/07,上市,,RWBCCA
084711　元日2X國票25購02,TW22Z0847113,2022/09/07,上市,,RWBCCA
084765　滬深2X國票25購01,TW22Z0847659,2022/09/08,上市,,RWBCCA
084795　元金2X元大28購01,TW22Z0847956,2022/09/08,上市,,RWBCCA
084833　T50反1群益25購01,TW22Z0848335,2022/09/12,上市,,RWBCCA
084834　T50反1群益2A購01,TW22Z0848343,2022/09/12,上市,,RWBCCA
084874　A50正2元富23購02,TW22Z0848749,2022/09/12,上市,,RWBCCA
084879　上証2X元大24購01,TW22Z0848798,2022/09/12,上市,,RWBCCA
084881　香港2X元大27購01,TW22Z0848814,2022/09/12,上市,,RWBCCA
084937　台灣50永豐23購02,TW22Z0849374,2022/09/13,上市,,RWBCCA
084989　台灣50富邦25購02,TW22Z0849895,2022/09/13,上市,,RWBCCA
085026　台灣50群益23購03,TW22Z0850265,2022/09/14,上市,,RWBCCA
085027　台灣50群益23購04,TW22Z0850273,2022/09/14,上市,,RWBCCA
085028　台灣50群益24購01,TW22Z0850281,2022/09/14,上市,,RWBCCA
085029　元日2X群益23購02,TW22Z0850299,2022/09/14,上市,,RWBCCA
085040　台灣5G元大24購01,TW22Z0850406,2022/09/14,上市,,RWBCCA
085062　元日2X國票24購01,TW22Z0850620,2022/09/14,上市,,RWBCCA
085096　台灣50台新23購02,TW22Z0850968,2022/09/14,上市,,RWBCCE
085105　道瓊2X中信26購01,TW22Z0851057,2022/09/15,上市,,RWBCCE
085125　滬深2X元大24購04,TW22Z0851255,2022/09/15,上市,,RWBCCA
085126　滬深2X元大24購05,TW22Z0851263,2022/09/15,上市,,RWBCCA
085141　台灣50麥證23購06,TW22Z0851412,2022/09/15,上市,,RWBCCE
085142　台灣50麥證24購01,TW22Z0851420,2022/09/15,上市,,RWBCCE
085176　A50正2富邦26購01,TW22Z0851768,2022/09/15,上市,,RWBCCA
085178　T50反1中信27購01,TW22Z0851784,2022/09/16,上市,,RWBCCE
085273　上証2X富邦24購02,TW22Z0852733,2022/09/16,上市,,RWBCCA
085274　A50正2富邦26購02,TW22Z0852741,2022/09/16,上市,,RWBCCA
085324　滬深2X凱基24購03,TW22Z0853244,2022/09/19,上市,,RWBCCA
085333　台灣50元大23購22,TW22Z0853335,2022/09/19,上市,,RWBCCA
085334　台灣50元大23購23,TW22Z0853343,2022/09/19,上市,,RWBCCA
085335　台灣50元大23購24,TW22Z0853350,2022/09/19,上市,,RWBCCA
085336　台灣50元大24購13,TW22Z0853368,2022/09/19,上市,,RWBCCA
085337　台灣50元大24購14,TW22Z0853376,2022/09/19,上市,,RWBCCA
085346　滬深2X國票25購02,TW22Z0853467,2022/09/19,上市,,RWBCCA
085347　香港2X國票24購03,TW22Z0853475,2022/09/19,上市,,RWBCCA
085397　台灣50兆豐25購02,TW22Z0853970,2022/09/20,上市,,RWBCCA
085425　香港2X凱基25購01,TW22Z0854259,2022/09/20,上市,,RWBCCA
085451　元日2X國票26購01,TW22Z0854515,2022/09/20,上市,,RWBCCA
085452　元金2X國票24購02,TW22Z0854523,2022/09/20,上市,,RWBCCA
085496　道瓊2X元大23購01,TW22Z0854960,2022/09/21,上市,,RWBCCA
085513　滬深2X凱基26購03,TW22Z0855132,2022/09/21,上市,,RWBCCA
085553　台灣50第一39購01,TW22Z0855538,2022/09/22,上市,,RWBCCA
085560　香港2X中信24購01,TW22Z0855603,2022/09/22,上市,,RWBCCE
085587　上証2X元大25購01,TW22Z0855876,2022/09/22,上市,,RWBCCA
085588　上証2X元大25購02,TW22Z0855884,2022/09/22,上市,,RWBCCA
085589　滬深2X元大23購12,TW22Z0855892,2022/09/22,上市,,RWBCCA
085590　道瓊2X元大26購01,TW22Z0855900,2022/09/22,上市,,RWBCCA
085638　元金2X元富23購01,TW22Z0856387,2022/09/22,上市,,RWBCCA
085651　香港2X群益23購02,TW22Z0856510,2022/09/23,上市,,RWBCCA
085678　T50反1國泰25購01,TW22Z0856783,2022/09/23,上市,,RWBCCA
085706　台灣50凱基23購17,TW22Z0857062,2022/09/23,上市,,RWBCCA
085724　香港2X元大24購01,TW22Z0857245,2022/09/23,上市,,RWBCCA
085725　A50正2元大24購01,TW22Z0857252,2022/09/23,上市,,RWBCCA
085812　T50反1元大27購03,TW22Z0858128,2022/09/26,上市,,RWBCCA
085813　滬深2X元大27購03,TW22Z0858136,2022/09/26,上市,,RWBCCA
085854　滬深2X元富23購02,TW22Z0858540,2022/09/26,上市,,RWBCCA
085931　上証2X凱基25購01,TW22Z0859316,2022/09/27,上市,,RWBCCA
085932　滬深2X凱基23購07,TW22Z0859324,2022/09/27,上市,,RWBCCA
085958　T50反1元大25購08,TW22Z0859589,2022/09/27,上市,,RWBCCA
085959　T50反1元大26購04,TW22Z0859597,2022/09/27,上市,,RWBCCA
086025　滬深2X統一23購01,TW22Z0860256,2022/09/28,上市,,RWBCCA
086094　香港2X凱基27購01,TW22Z0860942,2022/09/28,上市,,RWBCCA
086111　台灣50富邦26購01,TW22Z0861114,2022/09/28,上市,,RWBCCA
086112　滬深2X富邦24購07,TW22Z0861122,2022/09/28,上市,,RWBCCA
086122　香港2X國票25購02,TW22Z0861221,2022/09/29,上市,,RWBCCA
086135　台灣50永豐23購04,TW22Z0861353,2022/09/29,上市,,RWBCCA
086142　台灣50群益23購08,TW22Z0861429,2022/09/29,上市,,RWBCCA
086143　台灣50群益23購09,TW22Z0861437,2022/09/29,上市,,RWBCCA
086144　台灣50群益23購10,TW22Z0861445,2022/09/29,上市,,RWBCCA
086145　T50反1群益27購01,TW22Z0861452,2022/09/29,上市,,RWBCCA
086146　滬深2X群益23購10,TW22Z0861460,2022/09/29,上市,,RWBCCA
086171　台灣50台新23購03,TW22Z0861718,2022/09/29,上市,,RWBCCE
086185　台灣50凱基24購13,TW22Z0861858,2022/09/29,上市,,RWBCCA
086186　台灣50凱基25購17,TW22Z0861866,2022/09/29,上市,,RWBCCA
086187　台灣50凱基27購03,TW22Z0861874,2022/09/29,上市,,RWBCCA
086208　T50反1元大26購05,TW22Z0862088,2022/09/29,上市,,RWBCCA
086300　台灣50統一25購01,TW22Z0863003,2022/09/30,上市,,RWBCCA
086317　台灣50元富23購04,TW22Z0863177,2022/09/30,上市,,RWBCCA
086326　台灣50元大25購11,TW22Z0863268,2022/09/30,上市,,RWBCCA
086327　台灣50元大25購12,TW22Z0863276,2022/09/30,上市,,RWBCCA
086328　台灣50元大25購13,TW22Z0863284,2022/09/30,上市,,RWBCCA
086329　台灣50元大25購14,TW22Z0863292,2022/09/30,上市,,RWBCCA
086355　台灣50麥證23購07,TW22Z0863557,2022/09/30,上市,,RWBCCE
086382　台灣50國票24購04,TW22Z0863821,2022/10/03,上市,,RWBCCA
086383　台灣50國票24購05,TW22Z0863839,2022/10/03,上市,,RWBCCA
086384　台灣50國票26購01,TW22Z0863847,2022/10/03,上市,,RWBCCA
086385　T50反1國票25購02,TW22Z0863854,2022/10/03,上市,,RWBCCA
086386　T50反1國票26購01,TW22Z0863862,2022/10/03,上市,,RWBCCA
086387　T50反1國票27購02,TW22Z0863870,2022/10/03,上市,,RWBCCA
086388　T50反1國票28購01,TW22Z0863888,2022/10/03,上市,,RWBCCA
086389　T50反1國票29購01,TW22Z0863896,2022/10/03,上市,,RWBCCA
086390　T50反1國票2A購01,TW22Z0863904,2022/10/03,上市,,RWBCCA
086401　台灣50群益24購02,TW22Z0864019,2022/10/03,上市,,RWBCCA
086437　元日2X元富27購01,TW22Z0864373,2022/10/03,上市,,RWBCCA
086451　道瓊2X凱基28購01,TW22Z0864514,2022/10/03,上市,,RWBCCA
086549　T50反1兆豐2C購01,TW22Z0865495,2022/10/04,上市,,RWBCCA
086553　T50反1群益28購03,TW22Z0865537,2022/10/04,上市,,RWBCCA
086554　上証2X群益24購01,TW22Z0865545,2022/10/04,上市,,RWBCCA
086571　T50反1國泰26購01,TW22Z0865719,2022/10/04,上市,,RWBCCA
086583　道瓊2X凱基2A購01,TW22Z0865834,2022/10/04,上市,,RWBCCA
086646　T50反1元富27購01,TW22Z0866469,2022/10/04,上市,,RWBCCA
08668P　T50反1元富23售03,TW22Z08668P5,2022/09/05,上市,,RWBCPE
086754　T50反1富邦29購02,TW22Z0867541,2022/10/05,上市,,RWBCCA
086790　T50反1第一29購01,TW22Z0867905,2022/10/06,上市,,RWBCCA
086837　台灣50群益24購03,TW22Z0868374,2022/10/06,上市,,RWBCCA
086838　台灣50群益24購04,TW22Z0868382,2022/10/06,上市,,RWBCCA
086839　台灣50群益24購05,TW22Z0868390,2022/10/06,上市,,RWBCCA
086930　台灣50凱基25購18,TW22Z0869307,2022/10/06,上市,,RWBCCA
086931　台灣50凱基27購05,TW22Z0869315,2022/10/06,上市,,RWBCCA
086932　台灣50凱基2A購01,TW22Z0869323,2022/10/06,上市,,RWBCCA
086933　美指2X凱基28購01,TW22Z0869331,2022/10/06,上市,,RWBCCA
086977　A50正2元大26購01,TW22Z0869778,2022/10/06,上市,,RWBCCA
087033　滬深2X永豐24購01,TW22Z0870339,2022/10/07,上市,,RWBCCA
087047　台灣50國票24購06,TW22Z0870479,2022/10/07,上市,,RWBCCA
087048　台灣50國票25購02,TW22Z0870487,2022/10/07,上市,,RWBCCA
087049　道瓊2X國票26購01,TW22Z0870495,2022/10/07,上市,,RWBCCA
087069　T50反1凱基28購04,TW22Z0870693,2022/10/07,上市,,RWBCCA
087070　T50反1凱基2A購01,TW22Z0870701,2022/10/07,上市,,RWBCCA
087071　滬深2X凱基25購01,TW22Z0870719,2022/10/07,上市,,RWBCCA
087072　滬深2X凱基25購02,TW22Z0870727,2022/10/07,上市,,RWBCCA
087073　美指2X凱基28購02,TW22Z0870735,2022/10/07,上市,,RWBCCA
087184　滬深2X群益26購02,TW22Z0871840,2022/10/11,上市,,RWBCCA
087284　T50反1永豐27購01,TW22Z0872848,2022/10/12,上市,,RWBCCA
087289　台灣50國票25購03,TW22Z0872897,2022/10/12,上市,,RWBCCA
087332　A50正2凱基26購01,TW22Z0873325,2022/10/12,上市,,RWBCCA
087333　美指2X凱基27購01,TW22Z0873333,2022/10/12,上市,,RWBCCA
087373　T50反1元富27購03,TW22Z0873739,2022/10/12,上市,,RWBCCA
087398　T50反1國票28購02,TW22Z0873986,2022/10/13,上市,,RWBCCA
087399　T50反1國票2A購02,TW22Z0873994,2022/10/13,上市,,RWBCCA
087414　美指2X元富28購01,TW22Z0874141,2022/10/13,上市,,RWBCCA
087461　滬深2X富邦26購01,TW22Z0874612,2022/10/13,上市,,RWBCCA
087490　T50反1元富27購05,TW22Z0874901,2022/10/14,上市,,RWBCCA
087500　T50反1兆豐2C購02,TW22Z0875007,2022/10/14,上市,,RWBCCA
087504　台灣50台新24購01,TW22Z0875049,2022/10/14,上市,,RWBCCE
087520　滬深2X凱基24購05,TW22Z0875205,2022/10/14,上市,,RWBCCA
087521　滬深2X凱基26購04,TW22Z0875213,2022/10/14,上市,,RWBCCA
087522　A50正2凱基25購01,TW22Z0875221,2022/10/14,上市,,RWBCCA
087542　上証2X富邦25購01,TW22Z0875429,2022/10/14,上市,,RWBCCA
087569　台灣50永豐25購01,TW22Z0875692,2022/10/17,上市,,RWBCCA
087573　台灣50國票24購07,TW22Z0875734,2022/10/17,上市,,RWBCCA
087574　台灣50國票24購08,TW22Z0875742,2022/10/17,上市,,RWBCCA
087585　台灣50兆豐27購01,TW22Z0875858,2022/10/17,上市,,RWBCCA
087592　T50反1群益26購02,TW22Z0875924,2022/10/17,上市,,RWBCCA
087593　滬深2X群益24購02,TW22Z0875932,2022/10/17,上市,,RWBCCA
087612　台灣50元富24購01,TW22Z0876120,2022/10/17,上市,,RWBCCA
087613　台灣50元富24購02,TW22Z0876138,2022/10/17,上市,,RWBCCA
087614　滬深2X元富24購01,TW22Z0876146,2022/10/17,上市,,RWBCCA
087615　A50正2元富24購01,TW22Z0876153,2022/10/17,上市,,RWBCCA
087624　T50反1凱基29購01,TW22Z0876245,2022/10/17,上市,,RWBCCA
087641　台灣50元大25購21,TW22Z0876419,2022/10/17,上市,,RWBCCA
087642　台灣50元大25購22,TW22Z0876427,2022/10/17,上市,,RWBCCA
087643　台灣50元大26購01,TW22Z0876435,2022/10/17,上市,,RWBCCA
087644　T50反1元大26購06,TW22Z0876443,2022/10/17,上市,,RWBCCA
087645　T50反1元大26購07,TW22Z0876450,2022/10/17,上市,,RWBCCA
087646　T50反1元大27購04,TW22Z0876468,2022/10/17,上市,,RWBCCA
087647　T50反1元大28購05,TW22Z0876476,2022/10/17,上市,,RWBCCA
087664　台灣50富邦26購03,TW22Z0876641,2022/10/17,上市,,RWBCCA
087670　香港2X國票25購04,TW22Z0876708,2022/10/18,上市,,RWBCCA
087677　T50反1國泰2A購02,TW22Z0876773,2022/10/18,上市,,RWBCCA
087706　台灣50凱基25購19,TW22Z0877060,2022/10/18,上市,,RWBCCA
087707　台灣50凱基2A購02,TW22Z0877078,2022/10/18,上市,,RWBCCA
087708　元日2X凱基29購01,TW22Z0877086,2022/10/18,上市,,RWBCCA
087791　T50反1永豐26購01,TW22Z0877912,2022/10/19,上市,,RWBCCA
087804　台灣50凱基25購21,TW22Z0878043,2022/10/19,上市,,RWBCCA
087819　T50反1元大28購06,TW22Z0878191,2022/10/19,上市,,RWBCCA
087820　T50反1元大29購03,TW22Z0878209,2022/10/19,上市,,RWBCCA
087821　T50反1元大29購04,TW22Z0878217,2022/10/19,上市,,RWBCCA
087822　美指2X元大2A購01,TW22Z0878225,2022/10/19,上市,,RWBCCA
087860　T50反1中信28購01,TW22Z0878605,2022/10/20,上市,,RWBCCE
087868　台灣50群益24購10,TW22Z0878688,2022/10/20,上市,,RWBCCA
087869　台灣50群益25購01,TW22Z0878696,2022/10/20,上市,,RWBCCA
087870　台灣50群益25購02,TW22Z0878704,2022/10/20,上市,,RWBCCA
087871　A50正2群益26購01,TW22Z0878712,2022/10/20,上市,,RWBCCA
087886　T50反1元富27購07,TW22Z0878860,2022/10/20,上市,,RWBCCA
087887　滬深2X元富24購03,TW22Z0878878,2022/10/20,上市,,RWBCCA
087896　T50反1國票28購03,TW22Z0878969,2022/10/20,上市,,RWBCCA
087897　T50反1國票29購02,TW22Z0878977,2022/10/20,上市,,RWBCCA
087912　香港2X元大26購01,TW22Z0879124,2022/10/20,上市,,RWBCCA
087959　A50正2永豐24購01,TW22Z0879595,2022/10/21,上市,,RWBCCA
087988　滬深2X中信26購01,TW22Z0879884,2022/10/21,上市,,RWBCCE
088058　上証2X凱基25購02,TW22Z0880585,2022/10/24,上市,,RWBCCA
088080　T50反1元富27購09,TW22Z0880809,2022/10/24,上市,,RWBCCA
088081　美指2X元富2A購01,TW22Z0880817,2022/10/24,上市,,RWBCCA
088114　滬深2X國票25購03,TW22Z0881146,2022/10/25,上市,,RWBCCA
088116　A50正2國票25購01,TW22Z0881161,2022/10/25,上市,,RWBCCA
088149　滬深2X元大25購03,TW22Z0881492,2022/10/25,上市,,RWBCCA
088167　台灣50凱基27購06,TW22Z0881674,2022/10/25,上市,,RWBCCA
088168　T50反1凱基2A購02,TW22Z0881682,2022/10/25,上市,,RWBCCA
088229　台灣50凱基26購08,TW22Z0882292,2022/10/26,上市,,RWBCCA
088230　台灣50凱基28購01,TW22Z0882300,2022/10/26,上市,,RWBCCA
088231　香港2X凱基27購02,TW22Z0882318,2022/10/26,上市,,RWBCCA
088245　上証2X元富24購01,TW22Z0882458,2022/10/26,上市,,RWBCCA
088246　滬深2X元富27購01,TW22Z0882466,2022/10/26,上市,,RWBCCA
088255　A50正2國票25購02,TW22Z0882557,2022/10/27,上市,,RWBCCA
088280　滬深2X群益26購04,TW22Z0882805,2022/10/27,上市,,RWBCCA
088281　香港2X群益26購01,TW22Z0882813,2022/10/27,上市,,RWBCCA
08880P　T50反1富邦29售01,TW22Z08880P6,2022/09/13,上市,,RWBCPE
ETN,ETN,ETN,ETN,ETN,ETN
特別股,特別股,特別股,特別股,特別股,特別股
普通股,普通股,普通股,普通股,普通股,普通股
ETF,ETF,ETF,ETF,ETF,ETF
ETN,ETN,ETN,ETN,ETN,ETN
